# GO,NS,enrichment,name,ratio_in_study,ratio_in_pop,p_uncorrected,depth,study_count,p_fdr_bh,study_items,Param Combo
GO:0008203,BP,e,cholesterol metabolic process,22/284,116/21965,1.1777101583513928e-19,6,22,1.4724910109867465e-15,"abca1, apoa1, apoa2, apob, apoe, cubn, cyp27a1, cyp51, dhcr24, dhcr7, fdft1, fdx1, hmgcs1, hnf1a, insig1, ldlr, mttp, mvk, nsdhl, sqle, srebf2, tm7sf2",upstream_750_score_900
GO:0008202,BP,e,steroid metabolic process,18/284,127/21965,5.4799395942073816e-14,4,18,3.4257842373187446e-10,"akr1c19, apoa1, apob, cubn, cyp27a1, cyp51, dhcr24, dhcr7, fdft1, fdx1, hmgcs1, insig1, ldlr, mttp, mvk, nsdhl, srebf2, tm7sf2",upstream_750_score_900
GO:0042632,BP,e,cholesterol homeostasis,16/284,99/21965,1.727625005466028e-13,5,16,7.200165147780582e-10,"abca1, apoa1, apoa2, apob, apoe, fabp4, fgfr4, gramd1b, hnf4a, insig1, ldlr, lpl, mttp, nr5a2, rora, srebf2",upstream_750_score_900
GO:0016126,BP,e,sterol biosynthetic process,10/284,29/21965,1.797797441161068e-12,6,10,5.619465351709208e-09,"cyp51, dhcr24, dhcr7, fdft1, hmgcs1, insig1, mvk, nsdhl, sqle, tm7sf2",upstream_750_score_900
GO:0006629,BP,e,lipid metabolic process,35/284,714/21965,1.4238142688276432e-11,3,35,3.5603899606304056e-08,"acly, aldh1a1, apoa1, apob, apoe, b4galt6, cubn, cyp26b1, cyp27a1, cyp51, dhcr24, dhcr7, elovl5, elovl6, fads2, fasn, fdft1, fdx1, gstm1, hmgcs1, hnf4a, insig1, ldlr, lpl, mttp, mvk, nsdhl, pip4k2b, plcd3, prkag3, scd2, sqle, srebf2, tecrl, tm7sf2",upstream_750_score_900
GO:0042157,BP,e,lipoprotein metabolic process,8/284,18/21965,2.7690603186872882e-11,5,8,5.770260194091196e-08,"abca1, apoa1, apoa2, apob, apoe, apom, ldlr, mttp",upstream_750_score_900
GO:0006695,BP,e,cholesterol biosynthetic process,10/284,40/21965,6.711894066807796e-11,7,10,1.1988401645328266e-07,"apoa1, cyp51, dhcr24, dhcr7, fdft1, hmgcs1, insig1, mvk, nsdhl, tm7sf2",upstream_750_score_900
GO:0034380,BP,e,high-density lipoprotein particle assembly,5/284,6/21965,2.0715174925749203e-09,8,5,3.237522901208028e-06,"abca1, apoa1, apoa2, apoe, apom",upstream_750_score_900
GO:0006694,BP,e,steroid biosynthetic process,10/284,64/21965,9.126698996817062e-09,5,10,1.2679013061911524e-05,"cyp27a1, cyp51, dhcr24, dhcr7, fdft1, fdx1, hmgcs1, mvk, nsdhl, tm7sf2",upstream_750_score_900
GO:0045893,BP,e,positive regulation of DNA-templated transcription,30/284,702/21965,1.0906636136379706e-08,9,30,1.3636567161315548e-05,"apoe, ctcfl, elf4, etv4, fosl2, foxa2, fzd7, gata6, hhex, hipk2, hnf1a, hnf1b, hnf4a, jun, maz, mdk, mllt11, npas4, nr2f2, nr4a1, nr5a2, rora, sfrp1, sox4, spp1, srebf2, tbx2, tbx3, tmsb4x, wnt4",upstream_750_score_900
GO:0030154,BP,e,cell differentiation,34/284,967/21965,1.2831302909929954e-07,3,34,0.0001418831421295,"blk, cbfa2t3, ccdc63, cdc20, efnb1, elf4, etv4, foxa2, gadd45b, hhex, hnf4a, mdk, mycbpap, nell1, nkd1, npas4, nr2f1, nr2f2, nr2f6, nrg1, rims2, robo1, robo2, sfrp1, sfrp4, sfrp5, slit3, smad6, sox4, tdrd7, tenm4, tnfrsf12a, vegfa, wnt4",upstream_750_score_900
GO:0010628,BP,e,positive regulation of gene expression,24/284,535/21965,1.4332071071490552e-07,8,24,0.0001418831421295,"actg1, apob, atf3, ccn2, ctcfl, cyp26b1, ephb2, etv4, fgfr2, fgfr4, hnf1a, hnf1b, hnf4a, ldlr, maz, nrg1, rbfox2, rgcc, rims2, rnf207, robo1, sfrp4, tnc, vegfa",upstream_750_score_900
GO:0043691,BP,e,reverse cholesterol transport,6/284,20/21965,1.475230622797431e-07,8,6,0.0001418831421295,"abca1, apoa1, apoa2, apoe, apom, hnf1a",upstream_750_score_900
GO:0007275,BP,e,multicellular organism development,36/284,1090/21965,2.448405833829099e-07,3,36,0.000218660129574,"ano1, celsr1, crb2, creb3l1, efnb1, ephb2, fgfr2, fgfr4, flrt3, foxa2, fzd7, gadd45b, hhex, hoxb4, hoxb5, mab21l2, mdk, mycbpap, nkd1, reln, robo1, robo2, rora, ryr2, sfrp1, sfrp4, sfrp5, shisa2, slit3, tbx2, tbx3, tdrd7, tenm4, tnfrsf12a, vegfa, wnt4",upstream_750_score_900
GO:0006633,BP,e,fatty acid biosynthetic process,9/284,70/21965,2.903389840374825e-07,8,9,0.0002420072211613,"acly, elovl5, elovl6, fads2, fasn, hnf1a, lpl, prkag3, scd2",upstream_750_score_900
GO:0042158,BP,e,lipoprotein biosynthetic process,4/284,6/21965,4.021999483822001e-07,6,4,0.000285763646567,"abca1, apoa1, apob, apoe",upstream_750_score_900
GO:0034384,BP,e,high-density lipoprotein particle clearance,4/284,6/21965,4.021999483822001e-07,3,4,0.000285763646567,"apoa2, apoe, apom, ldlr",upstream_750_score_900
GO:0045944,BP,e,positive regulation of transcription by RNA polymerase II,38/284,1198/21965,4.114009148369432e-07,10,38,0.000285763646567,"atf3, ccn1, crebrf, ctcfl, edn1, elf4, etv4, fgfr2, fosl2, foxa2, gata6, hhex, hipk2, hnf1a, hnf1b, hnf4a, hoxb4, hoxb5, igf2, jun, maff, maz, nfkbiz, npas4, nr2f1, nr2f2, nr4a1, nr5a2, onecut2, pcgf5, rgcc, rora, sox4, srebf2, stat6, tbx2, tbx3, vegfa",upstream_750_score_900
GO:0003148,BP,e,outflow tract septum morphogenesis,6/284,28/21965,1.3144347597898212e-06,4,6,0.0008649672527185,"fgfr2, gata6, robo1, robo2, smad6, tbx2",upstream_750_score_900
GO:0033344,BP,e,cholesterol efflux,6/284,31/21965,2.486505679979352e-06,8,6,0.0014804181198467,"abca1, apoa1, apoa2, apob, apoe, apom",upstream_750_score_900
GO:0006355,BP,e,regulation of DNA-templated transcription,32/284,1055/21965,7.902048930368888e-06,8,32,0.0044908780807455,"atf3, creb3l1, crebrf, elf4, etv4, fosl2, foxa2, fzd7, gata6, hhex, hnf1a, hnf4a, hoxb4, hoxb5, jun, lrrfip1, maff, nr2f1, nr2f2, nr2f6, nr4a1, nr5a2, rora, smad6, snai3, sox4, srebf2, stat6, tbx2, tbx3, usp13, zfp280b",upstream_750_score_900
GO:0003272,BP,e,endocardial cushion formation,4/284,12/21965,1.2482123591357644e-05,3,4,0.0067853909244671,"robo1, robo2, tbx2, tbx3",upstream_750_score_900
GO:0000122,BP,e,negative regulation of transcription by RNA polymerase II,30/284,979/21965,1.3738132858530636e-05,10,30,0.007156994797092,"ankrd1, atf3, cbfa2t3, crebrf, edn1, fgfr2, gata6, hhex, hipk2, hnf1a, hnf1b, hoxb4, igf2, irf2bp1, jun, lmcd1, lrrfip1, maz, nacc2, nr2f1, nr2f2, nr2f6, s100a1, snai3, sox4, srebf2, stat6, tbx2, tbx3, vegfa",upstream_750_score_900
GO:0031018,BP,e,endocrine pancreas development,5/284,25/21965,1.4992966502294545e-05,3,5,0.0074464213560123,"foxa2, gipr, hnf1b, onecut2, sox4",upstream_750_score_900
GO:0008284,BP,e,positive regulation of cell population proliferation,20/284,519/21965,1.5484840058891565e-05,5,20,0.0074464213560123,"atf3, ccn2, cdc20, edn1, fabp4, fgfr2, fgfr4, gnas, hipk2, igf2, jun, mab21l2, maz, nrg1, prl8a2, sfrp1, sox4, tbx3, tnc, vegfa",upstream_750_score_900
GO:0006357,BP,e,regulation of transcription by RNA polymerase II,37/284,1360/21965,1.751716458244141e-05,9,37,0.0076548635780058,"adnp, ankrd1, atf3, creb3l1, crebrf, ctcfl, elf4, etv4, fosl2, foxa2, gata6, gnas, hhex, hnf1a, hnf1b, hnf4a, hoxb5, irf2bp1, jun, lrrfip1, maff, maz, npas4, nr2f2, nr4a1, nr5a2, onecut2, pcgf5, rora, smad6, snai3, srebf2, stat6, tbx2, tbx3, vegfa, zfp983",upstream_750_score_900
GO:0034374,BP,e,low-density lipoprotein particle remodeling,4/284,13/21965,1.7846413909647643e-05,8,4,0.0076548635780058,"apoa2, apob, apoe, mttp",upstream_750_score_900
GO:0035567,BP,e,non-canonical Wnt signaling pathway,5/284,26/21965,1.83672644437476e-05,7,5,0.0076548635780058,"fzd7, sfrp1, sfrp4, sfrp5, wnt4",upstream_750_score_900
GO:0030301,BP,e,cholesterol transport,5/284,26/21965,1.83672644437476e-05,7,5,0.0076548635780058,"abca1, apoa1, apoa2, apob, ldlr",upstream_750_score_900
GO:0042127,BP,e,regulation of cell population proliferation,11/284,178/21965,2.146400347808483e-05,4,11,0.0086569172737578,"adam33, dhcr7, hhex, jun, nr5a2, plcd3, sat1, sqle, stat6, tbx3, tnfrsf9",upstream_750_score_900
GO:0033700,BP,e,phospholipid efflux,4/284,14/21965,2.4731042631922373e-05,7,4,0.0092511593756239,"abca1, apoa1, apoa2, apoe",upstream_750_score_900
GO:0034375,BP,e,high-density lipoprotein particle remodeling,4/284,14/21965,2.4731042631922373e-05,8,4,0.0092511593756239,"apoa1, apoa2, apoe, apom",upstream_750_score_900
GO:0010467,BP,e,gene expression,12/284,215/21965,2.5157115793906493e-05,5,12,0.0092511593756239,"apoe, col3a1, edn1, fosl2, foxa2, gata6, hipk2, lamc1, nfkbiz, sox4, stat6, svep1",upstream_750_score_900
GO:0003180,BP,e,aortic valve morphogenesis,5/284,28/21965,2.686738460731305e-05,4,5,0.0095977974212924,"axin2, robo1, robo2, slit3, smad6",upstream_750_score_900
GO:0008285,BP,e,negative regulation of cell population proliferation,16/284,376/21965,3.4443970781968175e-05,5,16,0.0119625824079707,"axin2, cbfa2t3, dhcr24, hnf4a, itga1, jun, nacc2, rgcc, robo1, sfrp1, sfrp4, sfrp5, slit3, smad6, sox4, tnfrsf9",upstream_750_score_900
GO:0031016,BP,e,pancreas development,5/284,30/21965,3.814242365879732e-05,4,5,0.0125498611317353,"gata6, hhex, hnf1a, hnf1b, onecut2",upstream_750_score_900
GO:0070328,BP,e,triglyceride homeostasis,5/284,30/21965,3.814242365879732e-05,5,5,0.0125498611317353,"apoa1, apoe, hnf4a, lpl, rora",upstream_750_score_900
GO:0009952,BP,e,anterior/posterior pattern specification,9/284,126/21965,3.9149473409535214e-05,4,9,0.0125509196420363,"celsr1, foxa2, hhex, hipk2, hnf1b, hoxb4, hoxb5, nr2f2, sfrp1",upstream_750_score_900
GO:0007157,BP,e,heterophilic cell-cell adhesion via plasma membrane cell adhesion molecules,6/284,50/21965,4.367836797192293e-05,5,6,0.0133197715793403,"cadm3, cbln1, crb2, lgals1, nectin1, tenm4",upstream_750_score_900
GO:0009888,BP,e,tissue development,5/284,31/21965,4.499933096241616e-05,3,5,0.0133958722624545,"dhcr24, fasn, lama1, lamc1, nr5a2",upstream_750_score_900
GO:0060070,BP,e,canonical Wnt signaling pathway,8/284,102/21965,5.429022406935275e-05,7,8,0.0157858295706771,"edn1, fgfr2, frat1, fzd7, sfrp1, sfrp4, sfrp5, wnt4",upstream_750_score_900
GO:0016125,BP,e,sterol metabolic process,4/284,17/21965,5.702776798404925e-05,5,4,0.0162049587069219,"cyp26b1, cyp51, dhcr24, lipo3",upstream_750_score_900
GO:0010629,BP,e,negative regulation of gene expression,14/284,314/21965,6.473555444176237e-05,8,14,0.0179864141596745,"adnp, apoe, ccn2, creb3l1, edn1, fgfr4, ldlr, noct, robo1, sfrp1, slit3, vegfa, wnt4, xdh",upstream_750_score_900
GO:0030324,BP,e,lung development,8/284,107/21965,7.633332644854597e-05,4,8,0.0198832412622118,"ccn2, col3a1, dhcr7, fgfr2, fgfr4, fosl2, foxa2, vegfa",upstream_750_score_900
GO:0001889,BP,e,liver development,7/284,80/21965,7.963590236401929e-05,5,7,0.0203201568828027,"gata6, hhex, hnf1a, hnf1b, jun, onecut2, vwf",upstream_750_score_900
GO:0001701,BP,e,in utero embryonic development,14/284,322/21965,8.462385406343176e-05,7,14,0.0211610409471017,"apob, col3a1, cubn, edn1, fgfr2, foxa2, gata6, hcn4, hhex, igf2, maff, nr2f2, tbx3, vegfa",upstream_750_score_900
GO:0031175,BP,e,neuron projection development,10/284,175/21965,9.788081146672624e-05,6,10,0.023996152662127,"apoe, atcay, edn1, flrt3, lama1, lamc1, map1b, psd, stmn4, tnc",upstream_750_score_900
GO:0050729,BP,e,positive regulation of inflammatory response,7/284,84/21965,0.0001086687136715,7,7,0.025611082229403,"ddt, fabp4, ldlr, lgals1, lpl, mdk, nfkbiz",upstream_750_score_900
GO:0008543,BP,e,fibroblast growth factor receptor signaling pathway,6/284,59/21965,0.000112372009809,8,6,0.025611082229403,"ccn2, fgfr2, fgfr4, flrt3, tbx2, wnt4",upstream_750_score_900
GO:0051145,BP,e,smooth muscle cell differentiation,4/284,20/21965,0.0001125953709332,5,4,0.025611082229403,"gata6, tbx2, tbx3, wnt4",upstream_750_score_900
GO:0007411,BP,e,axon guidance,10/284,178/21965,0.0001126617229958,8,10,0.025611082229403,"efnb1, ephb1, ephb2, flrt3, lama1, nectin1, reln, robo1, robo2, slit3",upstream_750_score_900
GO:0043065,BP,e,positive regulation of apoptotic process,15/284,374/21965,0.0001168505198924,6,15,0.0260889651824181,"aldh1a1, ankrd1, ccn1, ccn2, gadd45b, gata6, jun, lgals1, mllt11, nell1, nr4a1, sfrp1, sfrp4, sox4, tnfrsf12a",upstream_750_score_900
GO:0060412,BP,e,ventricular septum morphogenesis,5/284,40/21965,0.0001584749343188,4,5,0.0326221320969115,"robo1, robo2, slit3, sox4, tbx3",upstream_750_score_900
GO:0031589,BP,e,cell-substrate adhesion,4/284,22/21965,0.0001665693448639,3,4,0.0326221320969115,"coro1a, ephb1, smad6, vwf",upstream_750_score_900
GO:1990573,BP,e,potassium ion import across plasma membrane,5/284,42/21965,0.0002006025806046,9,5,0.0377899328235066,"atp1a3, hcn4, kcnd3, kcnj2, kcnj6",upstream_750_score_900
GO:0009410,BP,e,response to xenobiotic stimulus,9/284,156/21965,0.0002025054386287,3,9,0.0377899328235066,"aldh1a1, atp1a3, fosl2, gata6, gnas, igf2, jun, nfkbiz, sfrp1",upstream_750_score_900
GO:0010596,BP,e,negative regulation of endothelial cell migration,4/284,24/21965,0.0002370892570087,8,4,0.0428605201607135,"adamts9, apoe, nr2f2, stc1",upstream_750_score_900
GO:0007155,BP,e,cell adhesion,19/284,591/21965,0.0002709852627215,2,19,0.0477201230958861,"aoc3, cadm3, ccn1, ccn2, celsr1, col5a1, ephb1, flrt3, itga1, lama1, lamc1, nectin1, reln, spp1, svep1, tnc, tnfrsf12a, vtn, vwf",upstream_750_score_900
GO:0048593,BP,e,camera-type eye morphogenesis,4/284,25/21965,0.0002793933123432,6,4,0.0485174247809473,"ephb1, ephb2, nectin1, vegfa",upstream_750_score_900
GO:0008150,BP,p,biological_process,14/284,2559/21965,0.0001214170889874,0,14,0.0266329449756166,"2310030g06rik, 2810459m11rik, abhd18, eml5, fam222a, fsd1l, itih5, kctd9, mycbpap, prr12, prrt4, spats2l, tmem158, tmem71",upstream_750_score_900
GO:0005615,CC,e,extracellular space,51/284,1643/21965,4.380921827825514e-09,2,51,7.925087586536356e-06,"adamts9, adnp, aoc1, aoc3, apoa1, apoa2, apob, apoe, apom, bgn, ccn2, col3a1, col5a1, col6a3, cpn1, ddt, edn1, fam20c, flrt3, h2-q6, hbb-bs, igf2, il1r1, lama1, ldlr, lgals1, lpl, lyz2, nell1, nrg1, pf4, prl8a2, reln, serpinb6b, serpinb9c, sfrp1, sfrp4, sfrp5, slit3, spp1, stc1, svep1, tfpi, timp3, tnc, ulbp1, vegfa, vtn, vwf, wnt4, xdh",upstream_750_score_900
GO:0034361,CC,e,very-low-density lipoprotein particle,7/284,26/21965,2.990780378886109e-08,6,7,2.705160852702486e-05,"apoa1, apoa2, apob, apoe, apom, lpl, pcyox1",upstream_750_score_900
GO:0034362,CC,e,low-density lipoprotein particle,5/284,13/21965,4.12470375205156e-07,5,5,0.0002457071071392,"apoa1, apob, apoe, apom, ldlr",upstream_750_score_900
GO:0005576,CC,e,extracellular region,48/284,1724/21965,5.43299297156936e-07,2,48,0.0002457071071392,"abhd18, aoc1, apoa1, apoa2, apob, apoe, apom, bgn, cbln1, ccn1, ccn2, col3a1, col5a1, cpn1, edn1, fam20c, fgfr2, flrt3, gnas, gstm1, igf2, il1r1, il1r2, itih5, lama1, lamc1, lgals1, lpl, lyz2, mdk, nell1, nptx2, pf4, reln, sfrp1, sfrp4, sfrp5, slit3, spp1, stc1, svep1, tfpi, timp3, tnc, vtn, vwf, wnt4, xdh",upstream_750_score_900
GO:0062023,CC,e,collagen-containing extracellular matrix,17/284,325/21965,1.2805960674973046e-06,4,17,0.0004633196572205,"bgn, ccn1, col3a1, col5a1, col6a3, fgfr2, igf2, itih5, lama1, lamc1, lgals1, pf4, reln, sfrp1, tnc, vtn, vwf",upstream_750_score_900
GO:0009986,CC,e,cell surface,27/284,753/21965,1.9110500034322488e-06,2,27,0.0005527899089878,"abca1, adamts9, aoc3, apoa1, apoe, bgn, efnb1, eno2, ephb2, fgfr2, h2-q6, hcn1, il1r1, itga1, kcnj6, ldlr, lgals1, lpl, robo1, robo2, sfrp1, sfrp4, tfpi, tnfrsf12a, ulbp1, vegfa, wnt4",upstream_750_score_900
GO:0031012,CC,e,extracellular matrix,14/284,238/21965,2.908361653856224e-06,3,14,0.0006576532789782,"adamts9, apoe, bgn, ccn2, col3a1, col5a1, col6a3, lama1, reln, svep1, timp3, vtn, vwf, wnt4",upstream_750_score_900
GO:0030424,CC,e,axon,19/284,453/21965,7.798155110904329e-06,5,19,0.0015208134006808,"actg1, adnp, aldh1a1, atcay, atp1a3, coro1a, ephb1, ephb2, hcn1, hcn4, il1r1, kcnj6, map1a, map1b, nectin1, nrg1, reln, robo1, synpo",upstream_750_score_900
GO:0042627,CC,e,chylomicron,4/284,11/21965,8.406928693647816e-06,5,4,0.0015208134006808,"apoa2, apob, apoe, lpl",upstream_750_score_900
GO:0005783,CC,e,endoplasmic reticulum,41/284,1584/21965,2.2595949797760904e-05,5,41,0.0034063394320124,"adamts9, aoc3, apob, apoe, atp1a3, creb3l1, cubn, cyp26b1, cyp51, dhcr24, dhcr7, elovl5, elovl6, ephb1, fads2, fam20c, fdft1, fgfr4, fkbp14, flrt3, gramd1b, gulo, h2-q6, insig1, lacc1, mttp, nsdhl, pde9a, pip4k2b, retreg1, rrs1, rsad2, scd2, shisa2, sqle, srebf2, tecrl, tm7sf2, vegfa, vtn, vwf",upstream_750_score_900
GO:0030425,CC,e,dendrite,20/284,552/21965,3.709414665969693e-05,5,20,0.0046990802305193,"adnp, apoe, atcay, ephb1, ephb2, gnas, grip2, hcn1, hcn4, kcnd3, kcnj2, kcnj6, map1a, map1b, mlph, nectin1, reln, robo1, srebf2, synpo",upstream_750_score_900
GO:0034364,CC,e,high-density lipoprotein particle,5/284,30/21965,3.814242365879732e-05,5,5,0.0046990802305193,"apoa1, apoa2, apob, apoe, apom",upstream_750_score_900
GO:0005737,CC,e,cytoplasm,119/284,6814/21965,0.0001011004969172,2,119,0.0107582822896113,"acly, acta1, actg1, actn2, aldh1a1, aldh1l1, amph, ankrd1, aoc3, apob, astn2, atcay, atp1a3, axin2, car3, car7, cdc20, clic6, coro1a, crb2, crebrf, ctcfl, cubn, cyp26b1, ddt, dhcr24, dusp8, edn1, efnb1, eml5, eno2, ephb1, epn3, fabp4, fam20c, fasn, fbxo32, fgfr2, foxa2, frat1, frat2, gadd45b, gnas, grip2, gstm1, gstt1, hhex, hipk2, hkdc1, hmgcs1, hnf1a, hnf4a, hspb8, il1r2, isg20, lacc1, lgals1, lims2, lmcd1, lratd1, lrrfip1, mab21l2, map1a, map1b, maz, mbnl2, medag, mllt11, mvk, mycbpap, myh11, myh7b, nell1, nkd1, nlrc3, nmrk2, noct, nr4a1, nr5a2, nrg1, pde9a, pf4, pip4k2b, plcd3, ppp4r4, prkag3, rbfox2, reln, rgcc, rgs16, rnf207, robo1, s100a1, samd5, sat1, sec14l4, serpinb6b, serpinb9c, sfrp4, smad6, sox4, spats2l, spp1, sprr2h, srebf2, stac2, stat6, stc1, stmn4, svep1, synpo, tbx2, tdrd7, tenm4, tmsb4x, vegfa, wnt4, wsb1, xdh",upstream_750_score_900
GO:0005667,CC,e,transcription regulator complex,13/284,292/21965,0.0001194751417151,2,13,0.0113752911243518,"ankrd1, foxa2, gata6, hnf1a, hnf1b, jun, npas4, nr4a1, smad6, snai3, sox4, tbx2, tbx3",upstream_750_score_900
GO:0042383,CC,e,sarcolemma,8/284,125/21965,0.0002255824082486,4,8,0.0194323131677008,"atp1a3, bgn, col6a3, gnas, krt19, pde9a, ryr2, sspn",upstream_750_score_900
GO:0043083,CC,e,synaptic cleft,4/284,24/21965,0.0002370892570087,3,4,0.0194952029967636,"apoe, cbln1, lamc1, nptx2",upstream_750_score_900
GO:0090575,CC,e,RNA polymerase II transcription regulator complex,8/284,130/21965,0.0002947228068724,3,8,0.0231805894622701,"adnp, atf3, fosl2, hipk2, jun, maff, nr5a2, stat6",upstream_750_score_900
GO:0005604,CC,e,basement membrane,7/284,113/21965,0.0006746382436571,5,7,0.046939253183686,"col5a1, lama1, lamc1, timp3, tnc, vegfa, vtn",upstream_750_score_900
GO:0005575,CC,p,cellular_component,9/284,2171/21965,2.164443896035329e-05,0,9,0.0034063394320124,"2810459m11rik, abhd18, erv3, fam222a, fsd1l, lratd1, prr12, prrt4, tmem158",upstream_750_score_900
GO:0005515,MF,e,protein binding,122/284,5313/21965,3.3708386021975654e-12,2,122,1.5387878219031887e-08,"2810459m11rik, abca1, acly, acta1, actg1, actn2, adnp, ado, aldh1l1, amph, ankrd1, ano1, apoa1, apoe, apom, astn2, axin2, blk, cadm3, cbfa2t3, cbln1, cdc20, celsr1, col5a1, coro1a, crb2, ctcfl, cubn, edn1, efnb1, ephb1, ephb2, fbxo32, fgfr2, fgfr4, flrt3, foxa2, frat1, fzd7, gadd45b, gata6, gnas, grip2, gstm1, hcn1, hcn4, hhex, hipk2, hnf1a, hnf1b, hnf4a, hoxb5, hspb8, igf2, il1r1, insig1, itga1, jun, kcnd3, kcnj2, krt19, lama1, lamc1, ldlr, lgals1, lmcd1, lpl, lrrfip1, map1a, map1b, maz, mdk, mlph, mttp, nectin1, nfkbiz, nkd1, nlrc3, nmrk2, noct, npas4, nr2f6, nr4a1, nrg1, pcgf5, pip4k2b, ppp4r4, psd, ptprb, rasl11b, rbfox2, reln, retreg1, rgcc, rgs16, rims2, robo1, rora, rrs1, rsad2, ryr2, s100a1, sfrp1, slitrk4, smad6, sox4, srebf2, stat6, svep1, sytl4, tbx2, tbx3, tdrd7, tmem158, tmsb4x, tnfrsf12a, tnfrsf9, vegfa, vwf, wnt4, wsb1, xdh",upstream_750_score_900
GO:0008201,MF,e,heparin binding,16/284,171/21965,8.235356668117267e-10,4,16,1.8797201594977665e-06,"aoc1, apob, apoe, ccn1, ccn2, col5a1, fgfr2, fgfr4, lpl, mdk, nell1, pf4, sfrp1, slit3, vegfa, vtn",upstream_750_score_900
GO:0003700,MF,e,DNA-binding transcription factor activity,29/284,608/21965,1.6877827886109151e-09,2,29,2.3760332588318985e-06,"atf3, creb3l1, crebrf, elf4, etv4, fosl2, foxa2, gata6, hhex, hnf1a, hnf1b, hnf4a, hoxb4, hoxb5, jun, maff, nr2f1, nr2f2, nr2f6, nr4a1, nr5a2, onecut2, rora, snai3, sox4, srebf2, stat6, tbx2, tbx3",upstream_750_score_900
GO:0005543,MF,e,phospholipid binding,13/284,111/21965,2.081956853302868e-09,3,13,2.3760332588318985e-06,"amph, apoa1, apoa2, apob, apoe, apom, bin2, epn3, map1b, mycbpap, nr5a2, psd, sytl4",upstream_750_score_900
GO:0120020,MF,e,cholesterol transfer activity,7/284,21/21965,5.5878376360413e-09,5,7,5.101695761705707e-06,"abca1, apoa1, apoa2, apob, apoe, gramd1b, mttp",upstream_750_score_900
GO:0043565,MF,e,sequence-specific DNA binding,22/284,475/21965,2.818103361754404e-07,5,22,0.0002144106974401,"ctcfl, elf4, etv4, fosl2, foxa2, gata6, hhex, hnf1a, hnf1b, hnf4a, jun, maff, nr2f1, nr2f2, nr2f6, nr4a1, nr5a2, rora, srebf2, stat6, tbx2, tbx3",upstream_750_score_900
GO:0005319,MF,e,lipid transporter activity,6/284,23/21965,3.7187368354392737e-07,2,6,0.0002425147664825,"apoa1, apoa2, apob, apoe, apom, mttp",upstream_750_score_900
GO:0000978,MF,e,RNA polymerase II cis-regulatory region sequence-specific DNA binding,35/284,1084/21965,6.193538205927276e-07,9,35,0.0003263735708921,"atf3, ctcfl, elf4, etv4, fosl2, foxa2, gata6, hhex, hnf1a, hnf1b, hnf4a, hoxb4, hoxb5, jun, lrrfip1, maff, maz, nacc2, nfkbiz, npas4, nr2f1, nr2f2, nr2f6, nr4a1, nr5a2, onecut2, rora, snai3, sox4, srebf2, stat6, tbx2, tbx3, zfp280b, zfp983",upstream_750_score_900
GO:0042802,MF,e,identical protein binding,51/284,1911/21965,6.434528232265519e-07,3,51,0.0003263735708921,"actg1, actn2, aldh1a1, ano1, aoc3, apoa1, apoe, atf3, bhmt, cbln1, clic6, coro1a, cubn, eno2, ephb2, fasn, fgfr2, gfpt1, gstm1, h2-q6, hcn1, hcn4, hnf1a, hnf1b, hspb8, jun, kcnj2, kctd9, ldlr, lgals1, lyz2, maob, mvk, nectin1, nell1, nr4a1, pde9a, robo1, robo2, ryr2, s100a1, sat1, sfrp1, smad6, stat6, stc1, tenm4, vegfa, vtn, vwf, xdh",upstream_750_score_900
GO:0042803,MF,e,protein homodimerization activity,28/284,781/21965,1.2239805872027334e-06,4,28,0.000558747138058,"ano1, aoc1, apoa2, apoe, atf3, cadm3, coro1a, cubn, fgfr2, flrt3, gstm1, h2-q6, hhex, hmgcs1, hnf1a, hnf1b, hnf4a, hspb8, lpl, lrrfip1, nacc2, nectin1, nr2f2, pip4k2b, s100a1, tenm4, wdr54, xdh",upstream_750_score_900
GO:0000981,MF,e,"DNA-binding transcription factor activity, RNA polymerase II-specific",32/284,981/21965,1.574262989534566e-06,3,32,0.0006533191406568,"adnp, atf3, creb3l1, crebrf, elf4, etv4, fosl2, foxa2, gata6, hhex, hnf1a, hnf1b, hnf4a, hoxb4, hoxb5, jun, lrrfip1, maff, maz, nacc2, npas4, nr4a1, onecut2, rora, snai3, sox4, srebf2, stat6, tbx2, tbx3, zfp280b, zfp983",upstream_750_score_900
GO:0000976,MF,e,transcription cis-regulatory region binding,15/284,267/21965,2.271972686556477e-06,7,15,0.0008578112698454,"atf3, creb3l1, ctcfl, fosl2, foxa2, gata6, hhex, hnf1a, hnf1b, hnf4a, jun, nr5a2, smad6, sox4, srebf2",upstream_750_score_900
GO:1990837,MF,e,sequence-specific double-stranded DNA binding,22/284,541/21965,2.442836036799841e-06,6,22,0.0008578112698454,"atf3, creb3l1, elf4, etv4, foxa2, gata6, hnf4a, hoxb4, hoxb5, jun, maff, mbnl2, nr2f1, nr2f6, nr4a1, nr5a2, onecut2, snai3, sox4, srebf2, tbx2, tbx3",upstream_750_score_900
GO:0001228,MF,e,"DNA-binding transcription activator activity, RNA polymerase II-specific",21/284,511/21965,3.5356228090579647e-06,4,21,0.0011528655802392,"atf3, creb3l1, crebrf, ctcfl, elf4, etv4, fosl2, foxa2, hhex, hnf1a, hnf4a, hoxb5, jun, maff, npas4, nr4a1, nr5a2, onecut2, sox4, stat6, tbx3",upstream_750_score_900
GO:0004879,MF,e,nuclear receptor activity,7/284,53/21965,5.200698731834345e-06,4,7,0.0015420748071609,"hnf4a, nr2f1, nr2f2, nr2f6, nr4a1, nr5a2, rora",upstream_750_score_900
GO:0071813,MF,e,lipoprotein particle binding,4/284,10/21965,5.404862412831361e-06,4,4,0.0015420748071609,"apoa1, apoe, ldlr, lpl",upstream_750_score_900
GO:0046872,MF,e,metal ion binding,70/284,3203/21965,6.136266623433766e-06,5,70,0.001647768066822,"acly, actn2, adam33, adnp, ado, ano1, aoc1, aoc3, astn2, atp1a3, b4galt6, calm4, car3, car7, cbfa2t3, col3a1, cpn1, ctcfl, cubn, cyp26b1, cyp27a1, cyp51, eno2, fam20c, fdft1, fdx1, fkbp14, galnt10, gata6, gnas, hnf4a, irf2bp1, isg20, itga1, kcnd3, lacc1, lims2, lmcd1, lpl, maz, mbnl2, mlph, mvk, nkd1, nmrk2, noct, nptx2, nr2f1, nr2f2, nr2f6, nr4a1, nr5a2, pcgf5, pde9a, plcd3, reln, rims2, rnf207, rora, rsad2, rxfp1, s100a1, scd2, smad6, snai3, stac2, sytl4, timp3, usp13, xdh",upstream_750_score_900
GO:0008046,MF,e,axon guidance receptor activity,4/284,11/21965,8.406928693647816e-06,4,4,0.0021320905270279,"ephb1, ephb2, robo1, robo2",upstream_750_score_900
GO:0005201,MF,e,extracellular matrix structural constituent,8/284,93/21965,2.7866956510061214e-05,2,8,0.0063606328234214,"col3a1, col5a1, lama1, lamc1, reln, tnc, vtn, vwf",upstream_750_score_900
GO:0016491,MF,e,oxidoreductase activity,21/284,590/21965,3.068873058666635e-05,2,21,0.0066711454822919,"ado, aldh1a1, aldh1l1, aoc1, aoc3, cyp26b1, cyp27a1, cyp51, dhcr24, dhcr7, fads2, fasn, gulo, maob, nsdhl, pcyox1, scd2, sqle, tecrl, tm7sf2, xdh",upstream_750_score_900
GO:0044877,MF,e,protein-containing complex binding,22/284,657/21965,4.947878767807676e-05,2,22,0.0098204637282791,"aldh1l1, amph, aoc1, apoe, bhmt, crb2, eno2, ephb1, ephb2, h2-q6, hbb-bs, hnf1b, hnf4a, jun, krt19, map1b, mttp, nacc2, nectin1, npas4, rims2, sspn",upstream_750_score_900
GO:0005102,MF,e,signaling receptor binding,16/284,393/21965,5.827941732816385e-05,3,16,0.0106629365450069,"abca1, ano1, apoa1, apoa2, apoe, blk, edn1, ephb2, h2-q6, hnf4a, itga1, lama1, lpl, nrg1, slit3, wnt4",upstream_750_score_900
GO:0005178,MF,e,integrin binding,9/284,151/21965,0.000158472487135,4,9,0.0267935890285697,"ccn1, ccn2, col3a1, igf2, itga1, nrg1, spp1, vtn, vwf",upstream_750_score_900
GO:0071949,MF,e,FAD binding,5/284,43/21965,0.0002246192245934,6,5,0.0366209557239035,"dhcr24, gulo, pcyox1, sqle, xdh",upstream_750_score_900
GO:0002020,MF,e,protease binding,9/284,159/21965,0.0002334975859949,4,9,0.0367557406919668,"col3a1, ddt, fam20c, il1r1, ldlr, serpinb6b, serpinb9c, timp3, vwf",upstream_750_score_900
GO:0070412,MF,e,R-SMAD binding,4/284,26/21965,0.0003268525937795,4,4,0.0481316803420569,"ankrd1, jun, rgcc, smad6",upstream_750_score_900
GO:0003674,MF,p,molecular_function,24/284,3698/21965,5.839505227276545e-05,0,24,0.0106629365450069,"2310030g06rik, abhd18, ccdc63, dop1b, eml5, erv3, fam222a, frat2, fsd1l, fyb2, itih5, kctd9, lims2, lratd1, medag, mllt11, mycbpap, prr12, prrt4, sec14l4, spats2l, stac2, tmem158, tmem71",upstream_750_score_900
GO:0008203,BP,e,cholesterol metabolic process,20/282,116/21965,3.511334894021646e-17,6,20,4.390222017995264e-13,"abca1, apob, apoe, cubn, cyp27a1, dhcr24, dhcr7, fdft1, fdx1, hmgcs1, hnf1a, insig1, ldlr, mttp, mvk, nsdhl, pcsk9, sqle, srebf2, tm7sf2",upstream_5000_score_950
GO:0008202,BP,e,steroid metabolic process,17/282,127/21965,6.49740948384675e-13,4,17,4.0618555388267955e-09,"akr1c19, apob, cubn, cyp27a1, dhcr24, dhcr7, fdft1, fdx1, hmgcs1, insig1, ldlr, mttp, mvk, nsdhl, pcsk9, srebf2, tm7sf2",upstream_5000_score_950
GO:0042632,BP,e,cholesterol homeostasis,15/282,99/21965,2.3992700216204528e-12,5,15,9.999357693440175e-09,"abca1, apob, apoe, fabp4, fgfr4, gramd1b, hnf4a, insig1, ldlr, lpl, mttp, nr5a2, pcsk9, rora, srebf2",upstream_5000_score_950
GO:0006629,BP,e,lipid metabolic process,34/282,714/21965,5.1191059965297774e-11,3,34,1.6001045568652955e-07,"acly, aldh1a1, alox12, apob, apoe, b4galt6, cubn, cyp26b1, cyp27a1, dhcr24, dhcr7, elovl5, elovl6, fads2, fasn, fdft1, fdx1, gstm1, hmgcs1, hnf4a, insig1, ldlr, lpl, mttp, mvk, nsdhl, pcsk9, pip4k2b, prkag3, scd2, sqle, srebf2, tecrl, tm7sf2",upstream_5000_score_950
GO:0016126,BP,e,sterol biosynthetic process,9/282,29/21965,6.673261647869001e-11,6,9,1.6687158076661225e-07,"dhcr24, dhcr7, fdft1, hmgcs1, insig1, mvk, nsdhl, sqle, tm7sf2",upstream_5000_score_950
GO:0042157,BP,e,lipoprotein metabolic process,7/282,18/21965,1.5052168345218215e-09,5,7,3.1366210136710564e-06,"abca1, apob, apoe, apom, ldlr, mttp, pcsk9",upstream_5000_score_950
GO:0010628,BP,e,positive regulation of gene expression,26/282,535/21965,7.253927304555694e-09,8,26,1.295655044126569e-05,"actg1, alox12, apob, atf3, ccn2, ctcfl, cyp26b1, ephb2, etv4, fgfr2, fgfr4, hnf1a, hnf1b, hnf4a, ldlr, maz, nrg1, pdgfb, rbfox2, rgcc, rims2, rnf207, robo1, sfrp4, tnc, vegfa",upstream_5000_score_950
GO:0045893,BP,e,positive regulation of DNA-templated transcription,29/282,702/21965,3.4743646854647565e-08,9,29,5.001983765680668e-05,"apoe, ctcfl, elf4, etv4, fosl2, foxa2, fzd7, gata6, hipk2, hnf1a, hnf1b, hnf4a, lhx3, maz, mdk, mllt11, npas4, nr2f2, nr4a1, nr5a2, pdgfb, rora, sfrp1, spp1, srebf2, tbx2, tbx3, tmsb4x, wnt4",upstream_5000_score_950
GO:0006695,BP,e,cholesterol biosynthetic process,8/282,40/21965,3.6005641758878675e-08,7,8,5.001983765680668e-05,"dhcr24, dhcr7, fdft1, hmgcs1, insig1, mvk, nsdhl, tm7sf2",upstream_5000_score_950
GO:0007275,BP,e,multicellular organism development,37/282,1090/21965,6.869871610913715e-08,3,37,8.589400475125419e-05,"ano1, celsr1, creb3l1, efnb1, epha2, ephb2, fgfr2, fgfr4, flrt3, foxa2, foxa3, fzd7, gadd45b, hoxb4, hoxd1, mab21l2, mdk, mycbpap, nkd1, pdgfb, reln, robo1, robo2, rora, ryr2, sfrp1, sfrp4, sfrp5, slit3, tbx2, tbx3, tdrd7, tenm4, tnfrsf12a, vegfa, wnt2, wnt4",upstream_5000_score_950
GO:0045944,BP,e,positive regulation of transcription by RNA polymerase II,39/282,1198/21965,8.78463188307895e-08,10,39,9.98493203946692e-05,"atf3, ccn1, crebrf, ctcfl, edn1, elf4, etv4, fgfr2, fosl2, foxa2, foxa3, gal, gata6, hipk2, hnf1a, hnf1b, hnf4a, hoxb4, igf2, lhx3, maff, maz, nfkbiz, npas4, nr2f1, nr2f2, nr4a1, nr5a2, onecut2, onecut3, pcgf5, rgcc, rora, srebf2, stat6, tbx2, tbx3, vegfa, wnt2",upstream_5000_score_950
GO:0030154,BP,e,cell differentiation,34/282,967/21965,1.0812180927669557e-07,3,34,0.0001126539151155,"blk, cbfa2t3, ccdc63, cdc20, efnb1, elf4, epha2, etv4, foxa2, foxa3, gadd45b, hnf4a, mdk, mycbpap, nell1, nkd1, npas4, nr2f1, nr2f2, nr2f6, nrg1, rims2, robo1, robo2, sfrp1, sfrp4, sfrp5, slit3, smad6, tdrd7, tenm4, tnfrsf12a, vegfa, wnt4",upstream_5000_score_950
GO:0006694,BP,e,steroid biosynthetic process,9/282,64/21965,1.239061303354347e-07,5,9,0.0001191691036603,"cyp27a1, dhcr24, dhcr7, fdft1, fdx1, hmgcs1, mvk, nsdhl, tm7sf2",upstream_5000_score_950
GO:0006633,BP,e,fatty acid biosynthetic process,9/282,70/21965,2.735690581159657e-07,8,9,0.0002443167095445,"acly, elovl5, elovl6, fads2, fasn, hnf1a, lpl, prkag3, scd2",upstream_5000_score_950
GO:0003148,BP,e,outflow tract septum morphogenesis,6/282,28/21965,1.2615645174156696e-06,4,6,0.0010515560774165,"fgfr2, gata6, robo1, robo2, smad6, tbx2",upstream_5000_score_950
GO:0060070,BP,e,canonical Wnt signaling pathway,9/282,102/21965,6.736422145859977e-06,7,9,0.0051962763734352,"edn1, fgfr2, frat1, fzd7, sfrp1, sfrp4, sfrp5, wnt2, wnt4",upstream_5000_score_950
GO:0048514,BP,e,blood vessel morphogenesis,6/282,37/21965,7.065240210221457e-06,4,6,0.0051962763734352,"edn1, epha2, lama1, nr2f2, pdgfb, vegfa",upstream_5000_score_950
GO:0008543,BP,e,fibroblast growth factor receptor signaling pathway,7/282,59/21965,1.0290912663429507e-05,8,7,0.0071481822794921,"ccn2, fgfr2, fgfr4, flrt3, pdgfb, tbx2, wnt4",upstream_5000_score_950
GO:0003272,BP,e,endocardial cushion formation,4/282,12/21965,1.2139503390693043e-05,3,4,0.0079884321523071,"robo1, robo2, tbx2, tbx3",upstream_5000_score_950
GO:0008284,BP,e,positive regulation of cell population proliferation,20/282,519/21965,1.3971971122085917e-05,5,20,0.008734577746972,"atf3, ccn2, cdc20, edn1, fabp4, fgfr2, fgfr4, gnas, hipk2, igf2, mab21l2, maz, nrg1, pdgfb, prl8a2, sfrp1, tbx3, tnc, vegfa, wnt2",upstream_5000_score_950
GO:0010629,BP,e,negative regulation of gene expression,15/282,314/21965,1.472277503702538e-05,8,15,0.0087656598232346,"adnp, apoe, ccn2, creb3l1, edn1, fgfr4, ldlr, noct, pdgfb, robo1, sfrp1, slit3, vegfa, wnt4, xdh",upstream_5000_score_950
GO:0006357,BP,e,regulation of transcription by RNA polymerase II,37/282,1360/21965,1.5561644562387275e-05,9,37,0.0088439655437967,"adnp, ankrd1, atf3, creb3l1, crebrf, ctcfl, elf4, etv4, fosl2, foxa2, foxa3, gata6, gnas, hnf1a, hnf1b, hnf4a, hoxd1, lhx3, lrrfip1, maff, maz, npas4, nr2f2, nr4a1, nr5a2, onecut2, onecut3, pcgf5, rora, smad6, snai3, srebf2, stat6, tbx2, tbx3, vegfa, zfp983",upstream_5000_score_950
GO:0006355,BP,e,regulation of DNA-templated transcription,31/282,1055/21965,1.7004656682090472e-05,8,31,0.0092438792389642,"atf3, creb3l1, crebrf, elf4, etv4, fosl2, foxa2, foxa3, fzd7, gata6, hnf1a, hnf4a, hoxb4, hoxd1, lhx3, lrrfip1, maff, nr2f1, nr2f2, nr2f6, nr4a1, nr5a2, onecut3, rora, smad6, snai3, srebf2, stat6, tbx2, tbx3, usp13",upstream_5000_score_950
GO:0035567,BP,e,non-canonical Wnt signaling pathway,5/282,26/21965,1.7753506272483437e-05,7,5,0.0092488370385358,"fzd7, sfrp1, sfrp4, sfrp5, wnt4",upstream_5000_score_950
GO:0010467,BP,e,gene expression,12/282,215/21965,2.3469415986814915e-05,5,12,0.0117375243233258,"apoe, col3a1, edn1, fosl2, foxa2, gata6, hipk2, lamc1, nfkbiz, pdgfb, stat6, svep1",upstream_5000_score_950
GO:0003180,BP,e,aortic valve morphogenesis,5/282,28/21965,2.5973520544538524e-05,4,5,0.0124902664372448,"axin2, robo1, robo2, slit3, smad6",upstream_5000_score_950
GO:0008285,BP,e,negative regulation of cell population proliferation,16/282,376/21965,3.1627857161298185e-05,5,16,0.0146460406699152,"axin2, cbfa2t3, dhcr24, foxa3, gal, hnf4a, itga1, nacc2, rgcc, robo1, sfrp1, sfrp4, sfrp5, slit3, smad6, tnfrsf9",upstream_5000_score_950
GO:0060045,BP,e,positive regulation of cardiac muscle cell proliferation,5/282,30/21965,3.687902220204647e-05,9,5,0.0159003921920134,"fgfr2, gata6, nrg1, tbx2, wnt2",upstream_5000_score_950
GO:0009888,BP,e,tissue development,5/282,31/21965,4.351209360903152e-05,3,5,0.0164858092846582,"dhcr24, fasn, lama1, lamc1, nr5a2",upstream_5000_score_950
GO:0016477,BP,e,cell migration,13/282,272/21965,5.444080329589112e-05,3,13,0.019447810388815,"ccn2, col5a1, coro1a, epha2, fgfr4, lamc1, mdk, onecut2, pdgfb, reln, svep1, vegfa, vtn",upstream_5000_score_950
GO:0030324,BP,e,lung development,8/282,107/21965,7.2664895501121e-05,4,8,0.024554842931095,"ccn2, col3a1, dhcr7, fgfr2, fgfr4, fosl2, foxa2, vegfa",upstream_5000_score_950
GO:0001568,BP,e,blood vessel development,7/282,81/21965,8.249669144504699e-05,3,7,0.0271435824509848,"col3a1, col5a1, dhcr7, epha2, pdgfb, tbx3, vegfa",upstream_5000_score_950
GO:0007155,BP,e,cell adhesion,20/282,591/21965,8.600653768925643e-05,2,20,0.0275728138648403,"aoc3, cadm3, ccn1, ccn2, celsr1, col5a1, epha2, ephb1, flrt3, itga1, lama1, lamc1, nectin1, reln, spp1, svep1, tnc, tnfrsf12a, vtn, vwf",upstream_5000_score_950
GO:0031175,BP,e,neuron projection development,10/282,175/21965,9.23462231458508e-05,6,10,0.0285403452021737,"apoe, atcay, edn1, flrt3, lama1, lamc1, map1b, psd, stmn4, tnc",upstream_5000_score_950
GO:0000122,BP,e,negative regulation of transcription by RNA polymerase II,28/282,979/21965,0.0001020710944104,10,28,0.0285403452021737,"ankrd1, atf3, cbfa2t3, crebrf, edn1, fgfr2, gata6, hipk2, hnf1a, hnf1b, hoxb4, igf2, lmcd1, lrrfip1, maz, nacc2, nr2f1, nr2f2, nr2f6, plk1, s100a1, snai3, srebf2, stat6, tbx2, tbx3, vegfa, zbtb12",upstream_5000_score_950
GO:0050729,BP,e,positive regulation of inflammatory response,7/282,84/21965,0.0001040035244281,7,7,0.0285403452021737,"ddt, fabp4, ldlr, lgals1, lpl, mdk, nfkbiz",upstream_5000_score_950
GO:0018108,BP,e,peptidyl-tyrosine phosphorylation,7/282,84/21965,0.0001040035244281,8,7,0.0285403452021737,"blk, ephb2, fgfr2, fgfr4, pdgfb, reln, vegfa",upstream_5000_score_950
GO:0032967,BP,e,positive regulation of collagen biosynthetic process,5/282,37/21965,0.000104822201038,6,5,0.0285403452021737,"ccn2, creb3l1, pdgfb, rgcc, wnt4",upstream_5000_score_950
GO:0007411,BP,e,axon guidance,10/282,178/21965,0.0001063171926682,8,10,0.0285403452021737,"efnb1, ephb1, ephb2, flrt3, lama1, nectin1, reln, robo1, robo2, slit3",upstream_5000_score_950
GO:0043065,BP,e,positive regulation of apoptotic process,15/282,374/21965,0.0001080693124623,6,15,0.0285403452021737,"aldh1a1, alox12, ankrd1, ccn1, ccn2, gadd45b, gal, gata6, lgals1, mllt11, nell1, nr4a1, sfrp1, sfrp4, tnfrsf12a",upstream_5000_score_950
GO:0043691,BP,e,reverse cholesterol transport,4/282,20/21965,0.0001095686291053,8,4,0.0285403452021737,"abca1, apoe, apom, hnf1a",upstream_5000_score_950
GO:0051145,BP,e,smooth muscle cell differentiation,4/282,20/21965,0.0001095686291053,5,4,0.0285403452021737,"gata6, tbx2, tbx3, wnt4",upstream_5000_score_950
GO:0016055,BP,e,Wnt signaling pathway,11/282,218/21965,0.0001263513801524,6,11,0.0322402307356288,"amer1, axin2, frat1, frat2, fzd7, nkd1, sfrp1, sfrp4, sfrp5, wnt2, wnt4",upstream_5000_score_950
GO:0031589,BP,e,cell-substrate adhesion,4/282,22/21965,0.0001621152256661,3,4,0.0377573674367911,"coro1a, ephb1, smad6, vwf",upstream_5000_score_950
GO:0006096,BP,e,glycolytic process,5/282,41/21965,0.0001728206487368,12,5,0.0385852959135103,"eno2, hkdc1, ier3, pfkfb2, prkag3",upstream_5000_score_950
GO:1990573,BP,e,potassium ion import across plasma membrane,5/282,42/21965,0.0001941332654387,9,5,0.0425833020663233,"atp1a3, hcn4, kcnd3, kcnj2, kcnj6",upstream_5000_score_950
GO:0001649,BP,e,osteoblast differentiation,7/282,95/21965,0.0002251090865875,4,7,0.0480912989324515,"axin2, ccn1, creb3l1, epha2, fosl2, igf2, spp1",upstream_5000_score_950
GO:2000573,BP,e,positive regulation of DNA biosynthetic process,4/282,24/21965,0.0002307828469924,8,4,0.0480912989324515,"fgfr4, pdgfb, rgcc, vegfa",upstream_5000_score_950
GO:0010596,BP,e,negative regulation of endothelial cell migration,4/282,24/21965,0.0002307828469924,8,4,0.0480912989324515,"adamts9, apoe, nr2f2, stc1",upstream_5000_score_950
GO:0008150,BP,p,biological_process,13/282,2559/21965,5.176594355200487e-05,0,13,0.019036164477374,"2810459m11rik, abhd18, eml5, fam222a, fsd1l, itih5, kctd9, mycbpap, prr12, prr9, prrt4, spats2l, tmem71",upstream_5000_score_950
GO:0005615,CC,e,extracellular space,52/282,1643/21965,1.3873022849407963e-09,2,52,2.5096298334579007e-06,"adamts9, adnp, aoc1, aoc3, apob, apoe, apom, bgn, ccn2, col3a1, col5a1, col6a3, cpn1, ddt, edn1, fam20c, flrt3, gal, h2-q6, hbb-bs, igf2, il1r1, lama1, ldlr, lgals1, lpl, nell1, nppb, nrg1, pcsk9, pdgfb, pf4, prl8a2, reln, serpinb6b, sfrp1, sfrp4, sfrp5, slit3, spp1, stc1, svep1, tfpi, timp3, tnc, ulbp1, vegfa, vtn, vwf, wnt2, wnt4, xdh",upstream_5000_score_950
GO:0005576,CC,e,extracellular region,51/282,1724/21965,1.8068614278236543e-08,2,51,1.634306161466495e-05,"abhd18, aoc1, apob, apoe, apom, bgn, cbln1, ccn1, ccn2, col3a1, col5a1, cpn1, edn1, fam20c, fgfr2, flrt3, gal, gnas, gstm1, igf2, il1r1, il1r2, itih5, lama1, lamc1, lgals1, lpl, mdk, nell1, nppb, nptx2, pcsk9, pdgfb, pf4, reln, sfrp1, sfrp4, sfrp5, slit3, spp1, stc1, svep1, tfpi, timp3, tnc, tuft1, vtn, vwf, wnt2, wnt4, xdh",upstream_5000_score_950
GO:0009986,CC,e,cell surface,30/282,753/21965,4.4312641834484944e-08,2,30,2.6720523026194425e-05,"abca1, adamts9, aoc3, apoe, bgn, car4, efnb1, eno2, epha2, ephb2, fgfr2, h2-q6, hcn1, il1r1, itga1, kcnj6, ldlr, lgals1, lpl, pcsk9, pdgfb, robo1, robo2, sfrp1, sfrp4, tfpi, tnfrsf12a, ulbp1, vegfa, wnt4",upstream_5000_score_950
GO:0062023,CC,e,collagen-containing extracellular matrix,18/282,325/21965,2.4282138715877696e-07,4,18,0.0001098159723425,"bgn, ccn1, col3a1, col5a1, col6a3, fgfr2, igf2, itih5, lama1, lamc1, lgals1, pf4, reln, sfrp1, tnc, vtn, vwf, wnt2",upstream_5000_score_950
GO:0042383,CC,e,sarcolemma,11/282,125/21965,6.533793389206039e-07,4,11,0.0002363926448214,"alox12, atp1a3, bgn, cacna1s, car4, col6a3, gnas, krt19, pde9a, ryr2, sspn",upstream_5000_score_950
GO:0031012,CC,e,extracellular matrix,14/282,238/21965,2.678880731130332e-06,3,14,0.0008076825404357,"adamts9, apoe, bgn, ccn2, col3a1, col5a1, col6a3, lama1, reln, svep1, timp3, vtn, vwf, wnt4",upstream_5000_score_950
GO:0030424,CC,e,axon,19/282,453/21965,7.048986315236893e-06,5,19,0.0018216594634662,"actg1, adnp, aldh1a1, atcay, atp1a3, coro1a, ephb1, ephb2, hcn1, hcn4, il1r1, kcnj6, map1a, map1b, nectin1, nrg1, reln, robo1, synpo",upstream_5000_score_950
GO:0030425,CC,e,dendrite,21/282,552/21965,1.0309019390055495e-05,5,21,0.0023311270095762,"adnp, apoe, atcay, ephb1, ephb2, gnas, grip2, hcn1, hcn4, kcnd3, kcnj2, kcnj6, map1a, map1b, mlph, nectin1, pdgfb, reln, robo1, srebf2, synpo",upstream_5000_score_950
GO:0034362,CC,e,low-density lipoprotein particle,4/282,13/21965,1.735781900997651e-05,5,4,0.0032116092846922,"apob, apoe, apom, ldlr",upstream_5000_score_950
GO:0034361,CC,e,very-low-density lipoprotein particle,5/282,26/21965,1.7753506272483437e-05,6,5,0.0032116092846922,"apob, apoe, apom, lpl, pcyox1",upstream_5000_score_950
GO:0005737,CC,e,cytoplasm,121/282,6814/21965,2.345605431312618e-05,2,121,0.0038574547502222,"acly, acta1, actg1, actn2, aldh1a1, aldh1l1, alox12, amer1, amph, ankrd1, aoc3, apob, astn2, atcay, atp1a3, axin2, cacna1s, car3, car7, cdc20, clic6, coro1a, crebrf, ctcfl, cubn, cyp26b1, ddt, dhcr24, dusp8, edn1, efnb1, eml5, eno2, ephb1, epn3, fabp4, fam20c, fasn, fbxo32, fgfr2, foxa2, frat1, frat2, gadd45b, gnas, grip2, gstm1, gstt1, hipk2, hkdc1, hmgcs1, hnf1a, hnf4a, il1r2, isg20, lacc1, lgals1, lims2, lmcd1, lratd1, lrrfip1, mab21l2, map1a, map1b, maz, mbnl2, mllt11, mvk, mycbpap, myh11, myh7b, nell1, nkd1, nlrc3, nmrk2, noct, nppb, nr4a1, nr5a2, nrg1, pcsk9, pde9a, pdgfb, pf4, pip4k2b, plk1, ppp4r4, prkag3, rbfox2, reln, rgcc, rgs16, rnf207, robo1, s100a1, samd5, sat1, sec14l4, serpinb6b, sfrp4, smad6, spats2l, spp1, sprr2h, srebf2, stac2, stat6, stc1, stmn4, svep1, synpo, tbx2, tdrd7, tenm4, tmsb4x, tuft1, vegfa, wnt2, wnt4, wsb1, xdh",upstream_5000_score_950
GO:0005783,CC,e,endoplasmic reticulum,40/282,1584/21965,3.81763228437398e-05,5,40,0.0053123821557173,"adamts9, aoc3, apob, apoe, atp1a3, creb3l1, cubn, cyp26b1, dhcr24, dhcr7, elovl5, elovl6, ephb1, fads2, fam20c, fdft1, fgfr4, fkbp14, flrt3, gramd1b, gulo, h2-q6, insig1, lacc1, mttp, nsdhl, pcsk9, pde9a, pip4k2b, retreg1, rrs1, rsad2, scd2, sqle, srebf2, tecrl, tm7sf2, vegfa, vtn, vwf",upstream_5000_score_950
GO:0005667,CC,e,transcription regulator complex,13/282,292/21965,0.0001113581680012,2,13,0.0143890661367351,"ankrd1, foxa2, gata6, hnf1a, hnf1b, lhx3, npas4, nr4a1, onecut3, smad6, snai3, tbx2, tbx3",upstream_5000_score_950
GO:0043083,CC,e,synaptic cleft,4/282,24/21965,0.0002307828469924,3,4,0.0245580100123184,"apoe, cbln1, lamc1, nptx2",upstream_5000_score_950
GO:0005886,CC,e,plasma membrane,81/282,4383/21965,0.0003972625794955,3,81,0.0378235792793349,"abca1, abcc5, actn2, adgrg3, amer1, amph, ano1, aoc1, aoc3, atp1a3, axin2, bin2, blk, cacna1s, cadm3, car4, cbln1, celsr1, clic6, coro1a, cubn, efnb1, eno2, epha2, ephb1, ephb2, epn3, fasn, fgfr2, fgfr4, flrt3, fyb2, fzd7, gipr, gnas, gramd1b, grip2, h2-q6, hcn1, hcn4, il1r1, il1r2, itga1, kcnd3, kcng1, kcnj2, kcnj6, krt19, ldlr, lims2, lpl, lrrc3, lrrfip1, map1b, mvb12b, mycbpap, nectin1, nkd1, nmrk2, nrg1, paqr9, pcsk9, pde9a, pip4k2b, psca, psd, robo1, robo2, rxfp1, sfrp1, slit3, sspn, stac2, synpo, sytl4, tenm4, tm4sf1, tnfrsf12a, ttyh3, ulbp1, vegfa",upstream_5000_score_950
GO:0005604,CC,e,basement membrane,7/282,113/21965,0.0006471354812632,5,7,0.0498844441693631,"col5a1, lama1, lamc1, timp3, tnc, vegfa, vtn",upstream_5000_score_950
GO:0005794,CC,e,Golgi apparatus,32/282,1342/21965,0.0006618168380678,5,32,0.0498844441693631,"abca1, abcc5, aoc3, apoe, atp1a3, b4galt6, car4, cbfa2t3, ccn2, cubn, dhcr24, dop1b, fam20c, fasn, fgfr2, fgfr4, galnt10, h1f0, h2-q6, ldlr, mttp, pcgf5, pcsk9, pde9a, retreg1, rsad2, s100a1, smad6, spp1, srebf2, stmn4, vegfa",upstream_5000_score_950
GO:0005575,CC,p,cellular_component,9/282,2171/21965,3.030995182896177e-05,0,9,0.0045692252382159,"2810459m11rik, abhd18, erv3, fam222a, fsd1l, lratd1, prr12, prr9, prrt4",upstream_5000_score_950
GO:0005515,MF,e,protein binding,121/282,5313/21965,4.710622034541147e-12,2,121,2.150398958768033e-08,"2810459m11rik, abca1, acly, acta1, actg1, actn2, adnp, aldh1l1, amph, ankrd1, ano1, apoe, apom, astn2, axin2, blk, cadm3, car4, cbfa2t3, cbln1, cdc20, celsr1, ciart, col5a1, coro1a, ctcfl, cubn, edn1, efnb1, epha2, ephb1, ephb2, fbxo32, fgfr2, fgfr4, flrt3, foxa2, frat1, fzd7, gadd45b, gata6, gnas, grip2, gstm1, h1f10, hcn1, hcn4, hipk2, hnf1a, hnf1b, hnf4a, ier3, igf2, il1r1, insig1, itga1, kcnd3, kcnj2, krt19, lama1, lamc1, ldlr, lgals1, lhx3, lmcd1, lpl, lrrfip1, map1a, map1b, maz, mdk, mlph, mttp, nectin1, nfkbiz, nkd1, nlrc3, nmrk2, noct, npas4, nppb, nr2f6, nr4a1, nrg1, pcgf5, pip4k2b, plk1, ppp4r4, psd, ptprb, rasl11b, rbfox2, reln, retreg1, rgcc, rgs16, rims2, robo1, rora, rrs1, rsad2, ryr2, s100a1, sfrp1, smad6, srebf2, stat6, svep1, sytl4, tbx2, tbx3, tdrd7, tmsb4x, tnfrsf12a, tnfrsf9, tuft1, vegfa, vwf, wnt4, wsb1, xdh",upstream_5000_score_950
GO:0008201,MF,e,heparin binding,16/282,171/21965,7.430920693919806e-10,4,16,1.6961076483871954e-06,"aoc1, apob, apoe, ccn1, ccn2, col5a1, fgfr2, fgfr4, lpl, mdk, nell1, pf4, sfrp1, slit3, vegfa, vtn",upstream_5000_score_950
GO:0003700,MF,e,DNA-binding transcription factor activity,28/282,608/21965,6.021441653361393e-09,2,28,9.162627049198252e-06,"atf3, creb3l1, crebrf, elf4, etv4, fosl2, foxa2, foxa3, gata6, hnf1a, hnf1b, hnf4a, hoxb4, hoxd1, maff, nr2f1, nr2f2, nr2f6, nr4a1, nr5a2, onecut2, onecut3, rora, snai3, srebf2, stat6, tbx2, tbx3",upstream_5000_score_950
GO:0043565,MF,e,sequence-specific DNA binding,23/282,475/21965,5.9325703883552626e-08,5,23,6.770545955710442e-05,"ctcfl, elf4, etv4, fosl2, foxa2, foxa3, gata6, hnf1a, hnf1b, hnf4a, hoxd1, lhx3, maff, nr2f1, nr2f2, nr2f6, nr4a1, nr5a2, rora, srebf2, stat6, tbx2, tbx3",upstream_5000_score_950
GO:0005543,MF,e,phospholipid binding,11/282,111/21965,1.953983695209937e-07,3,11,0.0001783987113726,"amph, apob, apoe, apom, bin2, epn3, map1b, mycbpap, nr5a2, psd, sytl4",upstream_5000_score_950
GO:0000978,MF,e,RNA polymerase II cis-regulatory region sequence-specific DNA binding,35/282,1084/21965,5.23279257253974e-07,9,35,0.0003866228256915,"atf3, ciart, ctcfl, elf4, etv4, fosl2, foxa2, foxa3, gata6, hnf1a, hnf1b, hnf4a, hoxb4, hoxd1, lrrfip1, maff, maz, nacc2, nfkbiz, npas4, nr2f1, nr2f2, nr2f6, nr4a1, nr5a2, onecut2, onecut3, rora, snai3, srebf2, stat6, tbx2, tbx3, zbtb12, zfp983",upstream_5000_score_950
GO:1990837,MF,e,sequence-specific double-stranded DNA binding,23/282,541/21965,5.928498970078683e-07,6,23,0.0003866228256915,"atf3, creb3l1, elf4, etv4, foxa2, foxa3, gata6, hnf4a, hoxb4, hoxd1, maff, mbnl2, nr2f1, nr2f6, nr4a1, nr5a2, onecut2, onecut3, snai3, srebf2, tbx2, tbx3, zbtb12",upstream_5000_score_950
GO:0000976,MF,e,transcription cis-regulatory region binding,15/282,267/21965,2.08239709367298e-06,7,15,0.0011882678415771,"atf3, ciart, creb3l1, ctcfl, fosl2, foxa2, foxa3, gata6, hnf1a, hnf1b, hnf4a, lhx3, nr5a2, smad6, srebf2",upstream_5000_score_950
GO:0042802,MF,e,identical protein binding,49/282,1911/21965,3.132840412920429e-06,3,49,0.001589046276109,"actg1, actn2, aldh1a1, ano1, aoc3, apoe, atf3, bhmt, cbln1, clic6, coro1a, cubn, eno2, ephb2, fasn, fgfr2, gfpt1, gstm1, h2-q6, hcn1, hcn4, hnf1a, hnf1b, kcnj2, kctd9, ldlr, lgals1, maob, mvk, nectin1, nell1, nr4a1, pde9a, pdgfb, plk1, robo1, robo2, ryr2, s100a1, sat1, sfrp1, smad6, stat6, stc1, tenm4, vegfa, vtn, vwf, xdh",upstream_5000_score_950
GO:0004879,MF,e,nuclear receptor activity,7/282,53/21965,4.965278237717834e-06,4,7,0.0021610613599848,"hnf4a, nr2f1, nr2f2, nr2f6, nr4a1, nr5a2, rora",upstream_5000_score_950
GO:0046872,MF,e,metal ion binding,70/282,3203/21965,5.358369333703859e-06,5,70,0.0021610613599848,"acly, actn2, adam33, adnp, alox12, ano1, aoc1, aoc3, astn2, atp1a3, b4galt6, cacna1s, calm4, car3, car4, car7, cbfa2t3, col3a1, cpn1, ctcfl, cubn, cyp26b1, cyp27a1, eno2, fam20c, fdft1, fdx1, fkbp14, galnt10, gata6, gnas, hnf4a, isg20, itga1, kcnd3, lacc1, lhx3, lims2, lmcd1, lpl, maz, mbnl2, mlph, mvk, nkd1, nmrk2, noct, nptx2, nr2f1, nr2f2, nr2f6, nr4a1, nr5a2, pcgf5, pde9a, reln, rims2, rnf207, rora, rsad2, rxfp1, s100a1, scd2, smad6, snai3, stac2, sytl4, timp3, usp13, xdh",upstream_5000_score_950
GO:0120020,MF,e,cholesterol transfer activity,5/282,21/21965,5.788516688203927e-06,5,5,0.0021610613599848,"abca1, apob, apoe, gramd1b, mttp",upstream_5000_score_950
GO:0000981,MF,e,"DNA-binding transcription factor activity, RNA polymerase II-specific",31/282,981/21965,6.154172547602089e-06,3,31,0.0021610613599848,"adnp, atf3, creb3l1, crebrf, elf4, etv4, fosl2, foxa2, foxa3, gata6, hnf1a, hnf1b, hnf4a, hoxb4, hoxd1, lhx3, lrrfip1, maff, maz, nacc2, npas4, nr4a1, onecut2, onecut3, rora, snai3, srebf2, stat6, tbx2, tbx3, zfp983",upstream_5000_score_950
GO:0008046,MF,e,axon guidance receptor activity,4/282,11/21965,8.175569730134908e-06,4,4,0.0025248230763368,"ephb1, ephb2, robo1, robo2",upstream_5000_score_950
GO:0042803,MF,e,protein homodimerization activity,26/282,781/21965,9.838050880918116e-06,4,26,0.0028069188919619,"ano1, aoc1, apoe, atf3, cadm3, coro1a, cubn, fgfr2, flrt3, gstm1, h2-q6, hmgcs1, hnf1a, hnf1b, hnf4a, lpl, lrrfip1, nacc2, nectin1, nr2f2, pdgfb, pip4k2b, s100a1, tenm4, wdr54, xdh",upstream_5000_score_950
GO:0005102,MF,e,signaling receptor binding,17/282,393/21965,1.4517426114625735e-05,3,17,0.0036817805674036,"abca1, ano1, apoe, blk, edn1, ephb2, h2-q6, hnf4a, itga1, lama1, lpl, nppb, nrg1, pdgfb, slit3, wnt2, wnt4",upstream_5000_score_950
GO:0005201,MF,e,extracellular matrix structural constituent,8/282,93/21965,2.64981230502418e-05,2,8,0.0063665227223344,"col3a1, col5a1, lama1, lamc1, reln, tnc, vtn, vwf",upstream_5000_score_950
GO:0001228,MF,e,"DNA-binding transcription activator activity, RNA polymerase II-specific",19/282,511/21965,3.7351170213454526e-05,4,19,0.008119850752861,"atf3, creb3l1, crebrf, ctcfl, elf4, etv4, fosl2, foxa2, hnf1a, hnf4a, lhx3, maff, npas4, nr4a1, nr5a2, onecut2, onecut3, stat6, tbx3",upstream_5000_score_950
GO:0001221,MF,e,transcription coregulator binding,6/282,49/21965,3.7353092181835976e-05,4,6,0.008119850752861,"hnf1a, hnf1b, hnf4a, lhx3, nr5a2, rora",upstream_5000_score_950
GO:0034185,MF,e,apolipoprotein binding,4/282,18/21965,7.061614741315997e-05,3,4,0.0140157701278728,"abca1, lpl, mttp, pcsk9",upstream_5000_score_950
GO:0016491,MF,e,oxidoreductase activity,20/282,590/21965,8.405517519627946e-05,2,20,0.0159879947821256,"aldh1a1, aldh1l1, alox12, aoc1, aoc3, cyp26b1, cyp27a1, dhcr24, dhcr7, fads2, fasn, gulo, maob, nsdhl, pcyox1, scd2, sqle, tecrl, tm7sf2, xdh",upstream_5000_score_950
GO:0005178,MF,e,integrin binding,9/282,151/21965,0.0001503021599839,4,9,0.0263895907817984,"ccn1, ccn2, col3a1, igf2, itga1, nrg1, spp1, vtn, vwf",upstream_5000_score_950
GO:0005319,MF,e,lipid transporter activity,4/282,23/21965,0.0001942715729787,2,4,0.0328462863203027,"apob, apoe, apom, mttp",upstream_5000_score_950
GO:0071949,MF,e,FAD binding,5/282,43/21965,0.0002173916816747,6,5,0.0354426081016202,"dhcr24, gulo, pcyox1, sqle, xdh",upstream_5000_score_950
GO:0003674,MF,p,molecular_function,22/282,3698/21965,1.2917984055252817e-05,0,22,0.0034688586595428,"abhd18, ccdc63, dop1b, eml5, erv3, fam222a, frat2, fsd1l, fyb2, itih5, kctd9, lims2, lratd1, mllt11, mycbpap, prr12, prr9, prrt4, sec14l4, spats2l, stac2, tmem71",upstream_5000_score_950
GO:0008203,BP,e,cholesterol metabolic process,23/309,116/21965,3.947787588504933e-20,6,23,4.935918821907718e-16,"abca1, apoa1, apoa2, apob, apoe, cubn, cyp27a1, cyp51, dhcr24, dhcr7, fdft1, fdx1, hmgcs1, hnf1a, insig1, ldlr, mttp, mvk, nsdhl, pcsk9, sqle, srebf2, tm7sf2",upstream_2500_score_900
GO:0008202,BP,e,steroid metabolic process,19/309,127/21965,1.7919153479505342e-14,4,19,1.1202158797712766e-10,"akr1c19, apoa1, apob, cubn, cyp27a1, cyp51, dhcr24, dhcr7, fdft1, fdx1, hmgcs1, insig1, ldlr, mttp, mvk, nsdhl, pcsk9, srebf2, tm7sf2",upstream_2500_score_900
GO:0042632,BP,e,cholesterol homeostasis,17/309,99/21965,4.163656767904591e-14,5,17,1.735273352303703e-10,"abca1, apoa1, apoa2, apob, apoe, fabp4, fgfr4, gramd1b, hnf4a, insig1, ldlr, lpl, mttp, nr5a2, pcsk9, rora, srebf2",upstream_2500_score_900
GO:0042157,BP,e,lipoprotein metabolic process,9/309,18/21965,8.35905326118457e-13,5,9,2.612831073114767e-09,"abca1, apoa1, apoa2, apob, apoe, apom, ldlr, mttp, pcsk9",upstream_2500_score_900
GO:0016126,BP,e,sterol biosynthetic process,10/309,29/21965,4.151452212131596e-12,6,10,1.0381121401656271e-08,"cyp51, dhcr24, dhcr7, fdft1, hmgcs1, insig1, mvk, nsdhl, sqle, tm7sf2",upstream_2500_score_900
GO:0006629,BP,e,lipid metabolic process,37/309,714/21965,8.773084322451289e-12,3,37,1.828164554726808e-08,"acly, aldh1a1, alox12, apoa1, apob, apoe, b4galt6, cubn, cyp26b1, cyp27a1, cyp51, dhcr24, dhcr7, elovl5, elovl6, fads2, fasn, fdft1, fdx1, gstm1, hmgcs1, hnf4a, insig1, ldlr, lpl, mttp, mvk, nsdhl, pcsk9, pip4k2b, plcd3, prkag3, scd2, sqle, srebf2, tecrl, tm7sf2",upstream_2500_score_900
GO:0006695,BP,e,cholesterol biosynthetic process,10/309,40/21965,1.5322152282174862e-10,7,10,2.736755285486176e-07,"apoa1, cyp51, dhcr24, dhcr7, fdft1, hmgcs1, insig1, mvk, nsdhl, tm7sf2",upstream_2500_score_900
GO:0007275,BP,e,multicellular organism development,43/309,1090/21965,9.8160819136944e-10,3,43,1.5341309020865135e-06,"ano1, celsr1, crb2, creb3l1, efnb1, epha2, ephb2, fgfr2, fgfr4, flrt3, foxa2, foxa3, fst, fzd7, gadd45b, hhex, hic1, hoxb4, hoxb5, hoxd1, mab21l2, mdk, mycbpap, nkd1, pdgfb, reln, robo1, robo2, rora, ryr2, sfrp1, sfrp4, sfrp5, shisa2, slit3, tbx2, tbx3, tdrd7, tenm4, tnfrsf12a, vegfa, wnt2, wnt4",upstream_2500_score_900
GO:0034380,BP,e,high-density lipoprotein particle assembly,5/309,6/21965,3.164627412094457e-09,8,5,4.396370725935222e-06,"abca1, apoa1, apoa2, apoe, apom",upstream_2500_score_900
GO:0045893,BP,e,positive regulation of DNA-templated transcription,32/309,702/21965,5.746676487212879e-09,9,32,7.185069611962263e-06,"apoe, ctcfl, elf4, etv4, fosl2, foxa2, fzd7, gata6, hhex, hipk2, hnf1a, hnf1b, hnf4a, jun, lhx3, maz, mdk, mllt11, npas4, nr2f2, nr4a1, nr5a2, pdgfb, rora, sfrp1, sox4, spp1, srebf2, tbx2, tbx3, tmsb4x, wnt4",upstream_2500_score_900
GO:0006694,BP,e,steroid biosynthetic process,10/309,64/21965,2.0321099983248348e-08,5,10,2.309770119005037e-05,"cyp27a1, cyp51, dhcr24, dhcr7, fdft1, fdx1, hmgcs1, mvk, nsdhl, tm7sf2",upstream_2500_score_900
GO:0030154,BP,e,cell differentiation,37/309,967/21965,3.5888698196661755e-08,3,37,3.739303279607183e-05,"blk, cbfa2t3, ccdc63, cdc20, efnb1, elf4, epha2, etv4, foxa2, foxa3, fst, gadd45b, hhex, hnf4a, mdk, mycbpap, nell1, nkd1, npas4, nr2f1, nr2f2, nr2f6, nrg1, rims2, robo1, robo2, sfrp1, sfrp4, sfrp5, slit3, smad6, sox4, tdrd7, tenm4, tnfrsf12a, vegfa, wnt4",upstream_2500_score_900
GO:0010628,BP,e,positive regulation of gene expression,26/309,535/21965,4.7231576873982365e-08,8,26,4.54258773581078e-05,"actg1, alox12, apob, atf3, ccn2, ctcfl, cyp26b1, ephb2, etv4, fgfr2, fgfr4, hnf1a, hnf1b, hnf4a, ldlr, maz, nrg1, pdgfb, rbfox2, rgcc, rims2, rnf207, robo1, sfrp4, tnc, vegfa",upstream_2500_score_900
GO:0045944,BP,e,positive regulation of transcription by RNA polymerase II,42/309,1198/21965,7.28930011594797e-08,10,42,6.509865667835533e-05,"atf3, ccn1, crebrf, ctcfl, edn1, elf4, etv4, fgfr2, fosl2, foxa2, foxa3, gata6, hhex, hipk2, hnf1a, hnf1b, hnf4a, hoxb4, hoxb5, igf2, jun, lhx3, maff, maz, nfkbiz, npas4, nr2f1, nr2f2, nr4a1, nr5a2, onecut2, onecut3, pcgf5, rgcc, rora, sox4, srebf2, stat6, tbx2, tbx3, vegfa, wnt2",upstream_2500_score_900
GO:0043691,BP,e,reverse cholesterol transport,6/309,20/21965,2.424354596884816e-07,8,6,0.0002020780368323,"abca1, apoa1, apoa2, apoe, apom, hnf1a",upstream_2500_score_900
GO:0042158,BP,e,lipoprotein biosynthetic process,4/309,6/21965,5.635748498220929e-07,6,4,0.000408936296027,"abca1, apoa1, apob, apoe",upstream_2500_score_900
GO:0034384,BP,e,high-density lipoprotein particle clearance,4/309,6/21965,5.635748498220929e-07,3,4,0.000408936296027,"apoa2, apoe, apom, ldlr",upstream_2500_score_900
GO:0006633,BP,e,fatty acid biosynthetic process,9/309,70/21965,5.887269718057131e-07,8,9,0.000408936296027,"acly, elovl5, elovl6, fads2, fasn, hnf1a, lpl, prkag3, scd2",upstream_2500_score_900
GO:0006355,BP,e,regulation of DNA-templated transcription,36/309,1055/21965,1.106184376398016e-06,8,36,0.0007279275399002,"atf3, creb3l1, crebrf, elf4, etv4, fosl2, foxa2, foxa3, fzd7, gata6, hhex, hnf1a, hnf4a, hoxb4, hoxb5, hoxd1, jun, lhx3, lrrfip1, maff, nr2f1, nr2f2, nr2f6, nr4a1, nr5a2, onecut3, rora, smad6, snai3, sox4, srebf2, stat6, tbx2, tbx3, usp13, zfp280b",upstream_2500_score_900
GO:0008284,BP,e,positive regulation of cell population proliferation,23/309,519/21965,1.4188534514621716e-06,5,23,0.0008869962351815,"atf3, ccn2, cdc20, edn1, fabp4, fgfr2, fgfr4, gnas, hipk2, igf2, jun, klb, mab21l2, maz, nrg1, pdgfb, prl8a2, sfrp1, sox4, tbx3, tnc, vegfa, wnt2",upstream_2500_score_900
GO:0008543,BP,e,fibroblast growth factor receptor signaling pathway,8/309,59/21965,1.6665284543557269e-06,8,8,0.0009922192983242,"ccn2, fgfr2, fgfr4, flrt3, klb, pdgfb, tbx2, wnt4",upstream_2500_score_900
GO:0000122,BP,e,negative regulation of transcription by RNA polymerase II,34/309,979/21965,1.9211725631815374e-06,10,34,0.0010452221700047,"ankrd1, atf3, cbfa2t3, crebrf, edn1, fgfr2, fst, gata6, hhex, hic1, hipk2, hnf1a, hnf1b, hoxb4, igf2, irf2bp1, jun, lmcd1, lrrfip1, maz, nacc2, nr2f1, nr2f2, nr2f6, plk1, s100a1, snai3, sox4, srebf2, stat6, tbx2, tbx3, vegfa, zbtb12",upstream_2500_score_900
GO:0006357,BP,e,regulation of transcription by RNA polymerase II,42/309,1360/21965,1.92274733344868e-06,9,42,0.0010452221700047,"adnp, ankrd1, atf3, creb3l1, crebrf, ctcfl, elf4, etv4, fosl2, foxa2, foxa3, gata6, gnas, hhex, hic1, hnf1a, hnf1b, hnf4a, hoxb5, hoxd1, irf2bp1, jun, lhx3, lrrfip1, maff, maz, npas4, nr2f2, nr4a1, nr5a2, onecut2, onecut3, pcgf5, rora, smad6, snai3, srebf2, stat6, tbx2, tbx3, vegfa, zfp983",upstream_2500_score_900
GO:0003148,BP,e,outflow tract septum morphogenesis,6/309,28/21965,2.143252688369052e-06,4,6,0.0011165453484449,"fgfr2, gata6, robo1, robo2, smad6, tbx2",upstream_2500_score_900
GO:0033344,BP,e,cholesterol efflux,6/309,31/21965,4.042513291680764e-06,8,6,0.001943982449457,"abca1, apoa1, apoa2, apob, apoe, apom",upstream_2500_score_900
GO:0048514,BP,e,blood vessel morphogenesis,6/309,37/21965,1.1889798409531969e-05,4,6,0.0053949435953998,"edn1, epha2, lama1, nr2f2, pdgfb, vegfa",upstream_2500_score_900
GO:0010467,BP,e,gene expression,13/309,215/21965,1.2081774027929064e-05,5,13,0.0053949435953998,"apoe, col3a1, edn1, fosl2, foxa2, gata6, hipk2, lamc1, nfkbiz, pdgfb, sox4, stat6, svep1",upstream_2500_score_900
GO:0060070,BP,e,canonical Wnt signaling pathway,9/309,102/21965,1.3995420110322456e-05,7,9,0.0058373398233702,"edn1, fgfr2, frat1, fzd7, sfrp1, sfrp4, sfrp5, wnt2, wnt4",upstream_2500_score_900
GO:0016055,BP,e,Wnt signaling pathway,13/309,218/21965,1.4006254075110609e-05,6,13,0.0058373398233702,"amer1, axin2, frat1, frat2, fzd7, hhex, hic1, nkd1, sfrp1, sfrp4, sfrp5, wnt2, wnt4",upstream_2500_score_900
GO:0001889,BP,e,liver development,8/309,80/21965,1.6873299399187113e-05,5,8,0.0067963092895837,"gata6, hhex, hnf1a, hnf1b, jun, onecut2, pcsk9, vwf",upstream_2500_score_900
GO:0003272,BP,e,endocardial cushion formation,4/309,12/21965,1.739437713082309e-05,3,4,0.0067963092895837,"robo1, robo2, tbx2, tbx3",upstream_2500_score_900
GO:0031018,BP,e,endocrine pancreas development,5/309,25/21965,2.249338906201874e-05,3,5,0.0085222679831036,"foxa2, gipr, hnf1b, onecut2, sox4",upstream_2500_score_900
GO:0034374,BP,e,low-density lipoprotein particle remodeling,4/309,13/21965,2.4847025578192384e-05,8,4,0.0091371282589452,"apoa2, apob, apoe, mttp",upstream_2500_score_900
GO:0008285,BP,e,negative regulation of cell population proliferation,17/309,376/21965,2.6638192232775547e-05,5,17,0.0093027838690233,"axin2, cbfa2t3, dhcr24, foxa3, hnf4a, itga1, jun, nacc2, rgcc, robo1, sfrp1, sfrp4, sfrp5, slit3, smad6, sox4, tnfrsf9",upstream_2500_score_900
GO:0035567,BP,e,non-canonical Wnt signaling pathway,5/309,26/21965,2.752963314035532e-05,7,5,0.0093027838690233,"fzd7, sfrp1, sfrp4, sfrp5, wnt4",upstream_2500_score_900
GO:0030301,BP,e,cholesterol transport,5/309,26/21965,2.752963314035532e-05,7,5,0.0093027838690233,"abca1, apoa1, apoa2, apob, ldlr",upstream_2500_score_900
GO:0033700,BP,e,phospholipid efflux,4/309,14/21965,3.4400857813171626e-05,7,4,0.0110285621855919,"abca1, apoa1, apoa2, apoe",upstream_2500_score_900
GO:0034375,BP,e,high-density lipoprotein particle remodeling,4/309,14/21965,3.4400857813171626e-05,8,4,0.0110285621855919,"apoa1, apoa2, apoe, apom",upstream_2500_score_900
GO:0003180,BP,e,aortic valve morphogenesis,5/309,28/21965,4.019383055145919e-05,4,5,0.0125635865846223,"axin2, robo1, robo2, slit3, smad6",upstream_2500_score_900
GO:0010629,BP,e,negative regulation of gene expression,15/309,314/21965,4.2502875181620046e-05,8,15,0.0129613036194096,"adnp, apoe, ccn2, creb3l1, edn1, fgfr4, ldlr, noct, pdgfb, robo1, sfrp1, slit3, vegfa, wnt4, xdh",upstream_2500_score_900
GO:0042127,BP,e,regulation of cell population proliferation,11/309,178/21965,4.635425366005276e-05,4,11,0.0137992198455152,"adam33, dhcr7, hhex, jun, nr5a2, plcd3, sat1, sqle, stat6, tbx3, tnfrsf9",upstream_2500_score_900
GO:0031016,BP,e,pancreas development,5/309,30/21965,5.695363508617521e-05,4,5,0.0151508787123925,"gata6, hhex, hnf1a, hnf1b, onecut2",upstream_2500_score_900
GO:0060045,BP,e,positive regulation of cardiac muscle cell proliferation,5/309,30/21965,5.695363508617521e-05,9,5,0.0151508787123925,"fgfr2, gata6, nrg1, tbx2, wnt2",upstream_2500_score_900
GO:0070328,BP,e,triglyceride homeostasis,5/309,30/21965,5.695363508617521e-05,5,5,0.0151508787123925,"apoa1, apoe, hnf4a, lpl, rora",upstream_2500_score_900
GO:0009888,BP,e,tissue development,5/309,31/21965,6.71288508158857e-05,3,5,0.0174856671198128,"dhcr24, fasn, lama1, lamc1, nr5a2",upstream_2500_score_900
GO:0007157,BP,e,heterophilic cell-cell adhesion via plasma membrane cell adhesion molecules,6/309,50/21965,6.971310631834217e-05,5,6,0.017788223842821,"cadm3, cbln1, crb2, lgals1, nectin1, tenm4",upstream_2500_score_900
GO:0009952,BP,e,anterior/posterior pattern specification,9/309,126/21965,7.499671433725288e-05,4,9,0.0187536783871734,"celsr1, foxa2, hhex, hipk2, hnf1b, hoxb4, hoxb5, nr2f2, sfrp1",upstream_2500_score_900
GO:0016125,BP,e,sterol metabolic process,4/309,17/21965,7.910894315450538e-05,5,4,0.0193941003188388,"cyp26b1, cyp51, dhcr24, lipo3",upstream_2500_score_900
GO:0043065,BP,e,positive regulation of apoptotic process,16/309,374/21965,8.795454921391952e-05,6,16,0.0211479947850314,"aldh1a1, alox12, ankrd1, ccn1, ccn2, gadd45b, gata6, jun, lgals1, mllt11, nell1, nr4a1, sfrp1, sfrp4, sox4, tnfrsf12a",upstream_2500_score_900
GO:0016477,BP,e,cell migration,13/309,272/21965,0.0001363982779758,3,13,0.0299980758704239,"ccn2, col5a1, coro1a, epha2, fgfr4, lamc1, mdk, onecut2, pdgfb, reln, svep1, vegfa, vtn",upstream_2500_score_900
GO:0030324,BP,e,lung development,8/309,107/21965,0.0001367584039521,4,8,0.0299980758704239,"ccn2, col3a1, dhcr7, fgfr2, fgfr4, fosl2, foxa2, vegfa",upstream_2500_score_900
GO:0090263,BP,e,positive regulation of canonical Wnt signaling pathway,8/309,107/21965,0.0001367584039521,8,8,0.0299980758704239,"adnp, amer1, fgfr2, frat1, hhex, sfrp1, sfrp4, sox4",upstream_2500_score_900
GO:0001568,BP,e,blood vessel development,7/309,81/21965,0.000145463431789,3,7,0.0313574015113481,"col3a1, col5a1, dhcr7, epha2, pdgfb, tbx3, vegfa",upstream_2500_score_900
GO:0051145,BP,e,smooth muscle cell differentiation,4/309,20/21965,0.0001557669720281,5,4,0.0330093974791125,"gata6, tbx2, tbx3, wnt4",upstream_2500_score_900
GO:0032967,BP,e,positive regulation of collagen biosynthetic process,5/309,37/21965,0.0001607318358393,6,5,0.0334938357249922,"ccn2, creb3l1, pdgfb, rgcc, wnt4",upstream_2500_score_900
GO:0050729,BP,e,positive regulation of inflammatory response,7/309,84/21965,0.0001828048397904,7,7,0.0368134044109294,"ddt, fabp4, ldlr, lgals1, lpl, mdk, nfkbiz",upstream_2500_score_900
GO:0018108,BP,e,peptidyl-tyrosine phosphorylation,7/309,84/21965,0.0001828048397904,8,7,0.0368134044109294,"blk, ephb2, fgfr2, fgfr4, pdgfb, reln, vegfa",upstream_2500_score_900
GO:0031175,BP,e,neuron projection development,10/309,175/21965,0.0001944966610311,6,10,0.0368134044109294,"apoe, atcay, edn1, flrt3, lama1, lamc1, map1b, psd, stmn4, tnc",upstream_2500_score_900
GO:0001701,BP,e,in utero embryonic development,14/309,322/21965,0.0002043122407889,7,14,0.0375664109791846,"apob, col3a1, cubn, edn1, fgfr2, foxa2, gata6, hcn4, hhex, igf2, maff, nr2f2, tbx3, vegfa",upstream_2500_score_900
GO:0007411,BP,e,axon guidance,10/309,178/21965,0.0002231898423999,8,10,0.039303416894747,"efnb1, ephb1, ephb2, flrt3, lama1, nectin1, reln, robo1, robo2, slit3",upstream_2500_score_900
GO:0031589,BP,e,cell-substrate adhesion,4/309,22/21965,0.0002300181871499,3,4,0.0399432971379936,"coro1a, ephb1, smad6, vwf",upstream_2500_score_900
GO:0060412,BP,e,ventricular septum morphogenesis,5/309,40/21965,0.0002344154778557,4,5,0.0401492701319235,"robo1, robo2, slit3, sox4, tbx3",upstream_2500_score_900
GO:0006096,BP,e,glycolytic process,5/309,41/21965,0.0002639266713321,12,5,0.0445929077252164,"eno2, hkdc1, ier3, pfkfb2, prkag3",upstream_2500_score_900
GO:0007155,BP,e,cell adhesion,20/309,591/21965,0.0002913599326645,2,20,0.0485716431747263,"aoc3, cadm3, ccn1, ccn2, celsr1, col5a1, epha2, ephb1, flrt3, itga1, lama1, lamc1, nectin1, reln, spp1, svep1, tnc, tnfrsf12a, vtn, vwf",upstream_2500_score_900
GO:1990573,BP,e,potassium ion import across plasma membrane,5/309,42/21965,0.0002961748211092,9,5,0.0487246551095885,"atp1a3, hcn4, kcnd3, kcnj2, kcnj6",upstream_2500_score_900
GO:0008150,BP,p,biological_process,15/309,2559/21965,5.047001023264768e-05,0,15,0.0146750357660184,"2310030g06rik, 2810459m11rik, abhd18, eml5, fam222a, fsd1l, itih5, kctd9, mycbpap, prr12, prr9, prrt4, spats2l, tmem158, tmem71",upstream_2500_score_900
GO:0005615,CC,e,extracellular space,57/309,1643/21965,2.087090160783901e-10,2,57,3.775546100858077e-07,"adamts9, adnp, aoc1, aoc3, apoa1, apoa2, apob, apoe, apom, bgn, ccn2, col3a1, col5a1, col6a3, cpn1, ddt, edn1, fam20c, flrt3, fst, h2-q6, hbb-bs, igf2, il1r1, lama1, ldlr, lgals1, lpl, lyz2, nell1, nppb, nrg1, pcsk9, pdgfb, pf4, prl8a2, reln, sct, serpinb6b, serpinb9c, sfrp1, sfrp4, sfrp5, slit3, spp1, stc1, svep1, tfpi, timp3, tnc, ulbp1, vegfa, vtn, vwf, wnt2, wnt4, xdh",upstream_2500_score_900
GO:0005576,CC,e,extracellular region,54/309,1724/21965,2.409574837010386e-08,2,54,2.1794604400758945e-05,"abhd18, aoc1, apoa1, apoa2, apob, apoe, apom, bgn, cbln1, ccn1, ccn2, col3a1, col5a1, cpn1, edn1, fam20c, fgfr2, flrt3, fst, gnas, gstm1, igf2, il1r1, il1r2, itih5, lama1, lamc1, lgals1, lpl, lyz2, mdk, nell1, nppb, nptx2, pcsk9, pdgfb, pf4, reln, sct, sfrp1, sfrp4, sfrp5, slit3, spp1, stc1, svep1, tfpi, timp3, tnc, vtn, vwf, wnt2, wnt4, xdh",upstream_2500_score_900
GO:0034361,CC,e,very-low-density lipoprotein particle,7/309,26/21965,5.328580226833647e-08,6,7,3.213133876780689e-05,"apoa1, apoa2, apob, apoe, apom, lpl, pcyox1",upstream_2500_score_900
GO:0009986,CC,e,cell surface,31/309,753/21965,1.0153077154989347e-07,2,31,4.591729143343932e-05,"abca1, adamts9, aoc3, apoa1, apoe, bgn, car4, efnb1, eno2, epha2, ephb2, fgfr2, h2-q6, hcn1, il1r1, itga1, kcnj6, ldlr, lgals1, lpl, pcsk9, pdgfb, robo1, robo2, sfrp1, sfrp4, tfpi, tnfrsf12a, ulbp1, vegfa, wnt4",upstream_2500_score_900
GO:0034362,CC,e,low-density lipoprotein particle,5/309,13/21965,6.259181242421369e-07,5,5,0.0002264571773508,"apoa1, apob, apoe, apom, ldlr",upstream_2500_score_900
GO:0062023,CC,e,collagen-containing extracellular matrix,18/309,325/21965,9.229380458696592e-07,4,18,0.0002782658208297,"bgn, ccn1, col3a1, col5a1, col6a3, fgfr2, igf2, itih5, lama1, lamc1, lgals1, pf4, reln, sfrp1, tnc, vtn, vwf, wnt2",upstream_2500_score_900
GO:0042383,CC,e,sarcolemma,11/309,125/21965,1.5978198358561212e-06,4,11,0.0004129222975805,"alox12, atp1a3, bgn, cacna1s, car4, col6a3, gnas, krt19, pde9a, ryr2, sspn",upstream_2500_score_900
GO:0031012,CC,e,extracellular matrix,14/309,238/21965,7.666165155447268e-06,3,14,0.0015408991962449,"adamts9, apoe, bgn, ccn2, col3a1, col5a1, col6a3, lama1, reln, svep1, timp3, vtn, vwf, wnt4",upstream_2500_score_900
GO:0042627,CC,e,chylomicron,4/309,11/21965,1.1726140179426934e-05,5,4,0.0020349027390583,"apoa2, apob, apoe, lpl",upstream_2500_score_900
GO:0005667,CC,e,transcription regulator complex,15/309,292/21965,1.836319858569629e-05,2,15,0.0027682521867937,"ankrd1, foxa2, gata6, hnf1a, hnf1b, jun, lhx3, npas4, nr4a1, onecut3, smad6, snai3, sox4, tbx2, tbx3",upstream_2500_score_900
GO:0030424,CC,e,axon,19/309,453/21965,2.5437399111655523e-05,5,19,0.0035397119225372,"actg1, adnp, aldh1a1, atcay, atp1a3, coro1a, ephb1, ephb2, hcn1, hcn4, il1r1, kcnj6, map1a, map1b, nectin1, nrg1, reln, robo1, synpo",upstream_2500_score_900
GO:0030425,CC,e,dendrite,21/309,552/21965,4.022728637874592e-05,5,21,0.0051979400756536,"adnp, apoe, atcay, ephb1, ephb2, gnas, grip2, hcn1, hcn4, kcnd3, kcnj2, kcnj6, map1a, map1b, mlph, nectin1, pdgfb, reln, robo1, srebf2, synpo",upstream_2500_score_900
GO:0034364,CC,e,high-density lipoprotein particle,5/309,30/21965,5.695363508617521e-05,5,5,0.0060605368159347,"apoa1, apoa2, apob, apoe, apom",upstream_2500_score_900
GO:0005783,CC,e,endoplasmic reticulum,42/309,1584/21965,8.242590757323359e-05,5,42,0.0082838037111099,"adamts9, aoc3, apob, apoe, atp1a3, creb3l1, cubn, cyp26b1, cyp51, dhcr24, dhcr7, elovl5, elovl6, ephb1, fads2, fam20c, fdft1, fgfr4, fkbp14, flrt3, gramd1b, gulo, h2-q6, insig1, lacc1, mttp, nsdhl, pcsk9, pde9a, pip4k2b, retreg1, rrs1, rsad2, scd2, shisa2, sqle, srebf2, tecrl, tm7sf2, vegfa, vtn, vwf",upstream_2500_score_900
GO:0005737,CC,e,cytoplasm,128/309,6814/21965,0.0001153359093156,2,128,0.0109811926290546,"acly, acta1, actg1, actn2, aldh1a1, aldh1l1, alox12, amer1, amph, ankrd1, aoc3, apob, astn2, atcay, atp1a3, axin2, cacna1s, car3, car7, cdc20, clic6, coro1a, crb2, crebrf, ctcfl, cubn, cyp26b1, ddt, dhcr24, dusp8, edn1, efnb1, eml5, eno2, ephb1, epn3, fabp4, fam20c, fasn, fbxo32, fgfr2, foxa2, frat1, frat2, fst, gadd45b, gnas, grip2, gstm1, gstt1, hhex, hipk2, hkdc1, hmgcs1, hnf1a, hnf4a, hspb8, il1r2, isg20, lacc1, lgals1, lims2, lmcd1, lratd1, lrrfip1, mab21l2, map1a, map1b, maz, mbnl2, medag, mllt11, mvk, mycbpap, myh11, myh7b, nell1, nkd1, nlrc3, nmrk2, noct, nppb, nr4a1, nr5a2, nrg1, pcsk9, pde9a, pdgfb, pf4, pip4k2b, plcd3, plk1, ppp4r4, prkag3, rbfox2, reln, rgcc, rgs16, rnf207, robo1, s100a1, samd5, sat1, sec14l4, serpinb6b, serpinb9c, sfrp4, smad6, sox4, spats2l, spp1, sprr2h, srebf2, stac2, stat6, stc1, stmn4, svep1, synpo, tbx2, tdrd7, tenm4, tmsb4x, vegfa, wnt2, wnt4, wsb1, xdh",upstream_2500_score_900
GO:0043083,CC,e,synaptic cleft,4/309,24/21965,0.0003268080246886,3,4,0.0257041615939871,"apoe, cbln1, lamc1, nptx2",upstream_2500_score_900
GO:0090575,CC,e,RNA polymerase II transcription regulator complex,8/309,130/21965,0.0005161508383142,3,8,0.0389048694379364,"adnp, atf3, fosl2, hipk2, jun, maff, nr5a2, stat6",upstream_2500_score_900
GO:0005575,CC,p,cellular_component,10/309,2171/21965,1.2373648496209008e-05,0,10,0.0020349027390583,"2810459m11rik, abhd18, erv3, fam222a, fsd1l, lratd1, prr12, prr9, prrt4, tmem158",upstream_2500_score_900
GO:0005515,MF,e,protein binding,132/309,5313/21965,5.707315853658464e-13,2,132,2.6053896871950888e-09,"2810459m11rik, abca1, acly, acta1, actg1, actn2, adnp, ado, aldh1l1, amph, ankrd1, ano1, apoa1, apoe, apom, astn2, axin2, blk, cadm3, car4, cbfa2t3, cbln1, cdc20, celsr1, ciart, col5a1, coro1a, crb2, ctcfl, cubn, edn1, efnb1, epha2, ephb1, ephb2, fbxo32, fgfr2, fgfr4, flrt3, foxa2, frat1, fzd7, gadd45b, gata6, gnas, grip2, gstm1, h1f10, hcn1, hcn4, hhex, hic1, hipk2, hnf1a, hnf1b, hnf4a, hoxb5, hspb8, ier3, igf2, il1r1, insig1, itga1, jun, kcnd3, kcnj2, klb, krt19, lama1, lamc1, ldlr, lgals1, lhx3, lmcd1, lpl, lrrfip1, map1a, map1b, maz, mdk, mlph, mttp, nectin1, nfkbiz, nkd1, nlrc3, nmrk2, noct, npas4, nppb, nr2f6, nr4a1, nrg1, pcgf5, pip4k2b, plk1, ppp4r4, psd, ptprb, rasl11b, rbfox2, reln, retreg1, rgcc, rgs16, rims2, robo1, rora, rrs1, rsad2, ryr2, s100a1, sfrp1, slitrk4, smad6, sox4, srebf2, stat6, svep1, sytl4, tbx2, tbx3, tdrd7, tmem158, tmsb4x, tnfrsf12a, tnfrsf9, vegfa, vwf, wnt4, wsb1, xdh",upstream_2500_score_900
GO:0003700,MF,e,DNA-binding transcription factor activity,33/309,608/21965,3.811562203063479e-11,2,33,8.69989072849239e-08,"atf3, creb3l1, crebrf, elf4, etv4, fosl2, foxa2, foxa3, gata6, hhex, hic1, hnf1a, hnf1b, hnf4a, hoxb4, hoxb5, hoxd1, jun, maff, nr2f1, nr2f2, nr2f6, nr4a1, nr5a2, onecut2, onecut3, rora, snai3, sox4, srebf2, stat6, tbx2, tbx3",upstream_2500_score_900
GO:0008201,MF,e,heparin binding,16/309,171/21965,2.7833022371315876e-09,4,16,4.235258237501899e-06,"aoc1, apob, apoe, ccn1, ccn2, col5a1, fgfr2, fgfr4, lpl, mdk, nell1, pf4, sfrp1, slit3, vegfa, vtn",upstream_2500_score_900
GO:0043565,MF,e,sequence-specific DNA binding,26/309,475/21965,4.2239403898699594e-09,5,26,4.82057196993909e-06,"ctcfl, elf4, etv4, fosl2, foxa2, foxa3, gata6, hhex, hic1, hnf1a, hnf1b, hnf4a, hoxd1, jun, lhx3, maff, nr2f1, nr2f2, nr2f6, nr4a1, nr5a2, rora, srebf2, stat6, tbx2, tbx3",upstream_2500_score_900
GO:0005543,MF,e,phospholipid binding,13/309,111/21965,5.7461292942241e-09,3,13,5.246216045626604e-06,"amph, apoa1, apoa2, apob, apoe, apom, bin2, epn3, map1b, mycbpap, nr5a2, psd, sytl4",upstream_2500_score_900
GO:0120020,MF,e,cholesterol transfer activity,7/309,21/21965,1.0005694941099436e-08,5,7,7.6126662343531535e-06,"abca1, apoa1, apoa2, apob, apoe, gramd1b, mttp",upstream_2500_score_900
GO:1990837,MF,e,sequence-specific double-stranded DNA binding,27/309,541/21965,1.48430268845679e-08,6,27,9.679773961150352e-06,"atf3, creb3l1, elf4, etv4, foxa2, foxa3, gata6, hic1, hnf4a, hoxb4, hoxb5, hoxd1, jun, maff, mbnl2, nr2f1, nr2f6, nr4a1, nr5a2, onecut2, onecut3, snai3, sox4, srebf2, tbx2, tbx3, zbtb12",upstream_2500_score_900
GO:0000978,MF,e,RNA polymerase II cis-regulatory region sequence-specific DNA binding,40/309,1084/21965,2.5606421539526073e-08,9,40,1.4611664290992065e-05,"atf3, ciart, ctcfl, elf4, etv4, fosl2, foxa2, foxa3, gata6, hhex, hnf1a, hnf1b, hnf4a, hoxb4, hoxb5, hoxd1, jun, lrrfip1, maff, maz, nacc2, nfkbiz, npas4, nr2f1, nr2f2, nr2f6, nr4a1, nr5a2, onecut2, onecut3, rora, snai3, sox4, srebf2, stat6, tbx2, tbx3, zbtb12, zfp280b, zfp983",upstream_2500_score_900
GO:0000976,MF,e,transcription cis-regulatory region binding,18/309,267/21965,5.01947922746313e-08,7,18,2.363597941179665e-05,"atf3, ciart, creb3l1, ctcfl, fosl2, foxa2, foxa3, gata6, hhex, hnf1a, hnf1b, hnf4a, jun, lhx3, nr5a2, smad6, sox4, srebf2",upstream_2500_score_900
GO:0000981,MF,e,"DNA-binding transcription factor activity, RNA polymerase II-specific",37/309,981/21965,5.1776515688492105e-08,3,37,2.363597941179665e-05,"adnp, atf3, creb3l1, crebrf, elf4, etv4, fosl2, foxa2, foxa3, gata6, hhex, hic1, hnf1a, hnf1b, hnf4a, hoxb4, hoxb5, hoxd1, jun, lhx3, lrrfip1, maff, maz, nacc2, npas4, nr4a1, onecut2, onecut3, rora, snai3, sox4, srebf2, stat6, tbx2, tbx3, zfp280b, zfp983",upstream_2500_score_900
GO:0005319,MF,e,lipid transporter activity,6/309,23/21965,6.093326486345466e-07,2,6,0.0002528730491833,"apoa1, apoa2, apob, apoe, apom, mttp",upstream_2500_score_900
GO:0005102,MF,e,signaling receptor binding,20/309,393/21965,8.617630912094511e-07,3,20,0.0003278290426142,"abca1, ano1, apoa1, apoa2, apoe, blk, edn1, ephb2, h2-q6, hnf4a, itga1, lama1, lpl, nppb, nrg1, pdgfb, sct, slit3, wnt2, wnt4",upstream_2500_score_900
GO:0001228,MF,e,"DNA-binding transcription activator activity, RNA polymerase II-specific",23/309,511/21965,1.0897789289939044e-06,4,23,0.0003826800623736,"atf3, creb3l1, crebrf, ctcfl, elf4, etv4, fosl2, foxa2, hhex, hnf1a, hnf4a, hoxb5, jun, lhx3, maff, npas4, nr4a1, nr5a2, onecut2, onecut3, sox4, stat6, tbx3",upstream_2500_score_900
GO:0042802,MF,e,identical protein binding,53/309,1911/21965,1.91003065135038e-06,3,53,0.000622806423101,"actg1, actn2, aldh1a1, ano1, aoc3, apoa1, apoe, atf3, bhmt, cbln1, clic6, coro1a, cubn, eno2, ephb2, fasn, fgfr2, gfpt1, gstm1, h2-q6, hcn1, hcn4, hnf1a, hnf1b, hspb8, jun, kcnj2, kctd9, ldlr, lgals1, lyz2, maob, mvk, nectin1, nell1, nr4a1, pde9a, pdgfb, plk1, robo1, robo2, ryr2, s100a1, sat1, sfrp1, smad6, stat6, stc1, tenm4, vegfa, vtn, vwf, xdh",upstream_2500_score_900
GO:0042803,MF,e,protein homodimerization activity,29/309,781/21965,2.1562943404833536e-06,4,29,0.0006562322442871,"ano1, aoc1, apoa2, apoe, atf3, cadm3, coro1a, cubn, fgfr2, flrt3, gstm1, h2-q6, hhex, hmgcs1, hnf1a, hnf1b, hnf4a, hspb8, lpl, lrrfip1, nacc2, nectin1, nr2f2, pdgfb, pip4k2b, s100a1, tenm4, wdr54, xdh",upstream_2500_score_900
GO:0046872,MF,e,metal ion binding,75/309,3203/21965,6.472208768029263e-06,5,75,0.0018466020641283,"acly, actn2, adam33, adnp, ado, alox12, ano1, aoc1, aoc3, astn2, atp1a3, b4galt6, cacna1s, calm4, car3, car4, car7, cbfa2t3, col3a1, cpn1, ctcfl, cubn, cyp26b1, cyp27a1, cyp51, eno2, fam20c, fdft1, fdx1, fkbp14, galnt10, gata6, gnas, hic1, hnf4a, irf2bp1, isg20, itga1, kcnd3, lacc1, lhx3, lims2, lmcd1, lpl, maz, mbnl2, mlph, mvk, nkd1, nmrk2, noct, nptx2, nr2f1, nr2f2, nr2f6, nr4a1, nr5a2, pcgf5, pde9a, plcd3, reln, rims2, rnf207, rora, rsad2, rxfp1, s100a1, scd2, smad6, snai3, stac2, sytl4, timp3, usp13, xdh",upstream_2500_score_900
GO:0071813,MF,e,lipoprotein particle binding,4/309,10/21965,7.545708615308462e-06,4,4,0.0020262446958166,"apoa1, apoe, ldlr, lpl",upstream_2500_score_900
GO:0004879,MF,e,nuclear receptor activity,7/309,53/21965,9.019963113392587e-06,4,7,0.0022875628673687,"hnf4a, nr2f1, nr2f2, nr2f6, nr4a1, nr5a2, rora",upstream_2500_score_900
GO:0008046,MF,e,axon guidance receptor activity,4/309,11/21965,1.1726140179426934e-05,4,4,0.002433174087231,"ephb1, ephb2, robo1, robo2",upstream_2500_score_900
GO:0016491,MF,e,oxidoreductase activity,22/309,590/21965,3.5600172651822124e-05,2,22,0.006771449506482,"ado, aldh1a1, aldh1l1, alox12, aoc1, aoc3, cyp26b1, cyp27a1, cyp51, dhcr24, dhcr7, fads2, fasn, gulo, maob, nsdhl, pcyox1, scd2, sqle, tecrl, tm7sf2, xdh",upstream_2500_score_900
GO:0005201,MF,e,extracellular matrix structural constituent,8/309,93/21965,5.062713281022093e-05,2,8,0.0092445144511463,"col3a1, col5a1, lama1, lamc1, reln, tnc, vtn, vwf",upstream_2500_score_900
GO:0001221,MF,e,transcription coregulator binding,6/309,49/21965,6.207467757538305e-05,4,6,0.0104952186345045,"hnf1a, hnf1b, hnf4a, lhx3, nr5a2, rora",upstream_2500_score_900
GO:0034185,MF,e,apolipoprotein binding,4/309,18/21965,0.0001005878510156,3,4,0.0163994121388053,"abca1, lpl, mttp, pcsk9",upstream_2500_score_900
GO:0003677,MF,e,DNA binding,44/309,1725/21965,0.0001092162791108,4,44,0.0171921487634901,"adnp, ankrd1, atf3, creb3l1, ctcfl, elf4, etv4, fosl2, foxa2, foxa3, gata6, h1f0, hhex, hic1, hipk2, hnf1a, hnf1b, hnf4a, hoxb4, hoxb5, hoxd1, jun, lhx3, lrrfip1, maff, maz, nacc2, nfkbiz, npas4, nr2f1, nr2f2, nr2f6, nr4a1, nr5a2, onecut2, onecut3, prr12, rora, snai3, sox4, srebf2, stat6, tbx2, tbx3",upstream_2500_score_900
GO:0044877,MF,e,protein-containing complex binding,22/309,657/21965,0.0002479152727941,2,22,0.0365075232356617,"aldh1l1, amph, aoc1, apoe, bhmt, crb2, eno2, ephb1, ephb2, h2-q6, hbb-bs, hnf1b, hnf4a, jun, krt19, map1b, mttp, nacc2, nectin1, npas4, rims2, sspn",upstream_2500_score_900
GO:0043395,MF,e,heparan sulfate proteoglycan binding,4/309,23/21965,0.000275373937825,4,4,0.0392838133178519,"apoe, atp1a3, fst, lpl",upstream_2500_score_900
GO:0005178,MF,e,integrin binding,9/309,151/21965,0.0002960590680401,4,9,0.040954837745551,"ccn1, ccn2, col3a1, igf2, itga1, nrg1, spp1, vtn, vwf",upstream_2500_score_900
GO:0001227,MF,e,"DNA-binding transcription repressor activity, RNA polymerase II-specific",14/309,337/21965,0.0003245940706455,4,14,0.0432140202532713,"atf3, creb3l1, hhex, hic1, jun, lrrfip1, nacc2, nr2f1, nr2f6, snai3, srebf2, tbx2, tbx3, zbtb12",upstream_2500_score_900
GO:0071949,MF,e,FAD binding,5/309,43/21965,0.0003313232659067,6,5,0.0432140202532713,"dhcr24, gulo, pcyox1, sqle, xdh",upstream_2500_score_900
GO:0003674,MF,p,molecular_function,25/309,3698/21965,1.0826696378183116e-05,0,25,0.0023726438182777,"2310030g06rik, abhd18, ccdc63, dop1b, eml5, erv3, fam222a, frat2, fsd1l, fyb2, itih5, kctd9, lims2, lratd1, medag, mllt11, mycbpap, prr12, prr9, prrt4, sec14l4, spats2l, stac2, tmem158, tmem71",upstream_2500_score_900
GO:0008203,BP,e,cholesterol metabolic process,23/312,116/21965,4.910203617919012e-20,6,23,6.139227583484141e-16,"abca1, apoa1, apoa2, apob, apoe, cubn, cyp27a1, cyp51, dhcr24, dhcr7, fdft1, fdx1, hmgcs1, hnf1a, insig1, ldlr, mttp, mvk, nsdhl, pcsk9, sqle, srebf2, tm7sf2",upstream_5000_score_900
GO:0008202,BP,e,steroid metabolic process,19/312,127/21965,2.1344704255444078e-14,4,19,1.3343641865290867e-10,"akr1c19, apoa1, apob, cubn, cyp27a1, cyp51, dhcr24, dhcr7, fdft1, fdx1, hmgcs1, insig1, ldlr, mttp, mvk, nsdhl, pcsk9, srebf2, tm7sf2",upstream_5000_score_900
GO:0042632,BP,e,cholesterol homeostasis,17/312,99/21965,4.876029121518301e-14,5,17,2.032166403544777e-10,"abca1, apoa1, apoa2, apob, apoe, fabp4, fgfr4, gramd1b, hnf4a, insig1, ldlr, lpl, mttp, nr5a2, pcsk9, rora, srebf2",upstream_5000_score_900
GO:0042157,BP,e,lipoprotein metabolic process,9/312,18/21965,9.11866893980802e-13,5,9,2.8502679438604923e-09,"abca1, apoa1, apoa2, apob, apoe, apom, ldlr, mttp, pcsk9",upstream_5000_score_900
GO:0016126,BP,e,sterol biosynthetic process,10/312,29/21965,4.568206367127301e-12,6,10,1.1423256841638528e-08,"cyp51, dhcr24, dhcr7, fdft1, hmgcs1, insig1, mvk, nsdhl, sqle, tm7sf2",upstream_5000_score_900
GO:0006629,BP,e,lipid metabolic process,37/312,714/21965,1.170116118868796e-11,3,37,2.4383269723694263e-08,"acly, aldh1a1, alox12, apoa1, apob, apoe, b4galt6, cubn, cyp26b1, cyp27a1, cyp51, dhcr24, dhcr7, elovl5, elovl6, fads2, fasn, fdft1, fdx1, gstm1, hmgcs1, hnf4a, insig1, ldlr, lpl, mttp, mvk, nsdhl, pcsk9, pip4k2b, plcd3, prkag3, scd2, sqle, srebf2, tecrl, tm7sf2",upstream_5000_score_900
GO:0006695,BP,e,cholesterol biosynthetic process,10/312,40/21965,1.683709249655334e-10,7,10,3.007345249777235e-07,"apoa1, cyp51, dhcr24, dhcr7, fdft1, hmgcs1, insig1, mvk, nsdhl, tm7sf2",upstream_5000_score_900
GO:0007275,BP,e,multicellular organism development,43/312,1090/21965,1.328578567480418e-09,3,43,2.076402228650959e-06,"ano1, celsr1, crb2, creb3l1, efnb1, epha2, ephb2, fgfr2, fgfr4, flrt3, foxa2, foxa3, fst, fzd7, gadd45b, hhex, hic1, hoxb4, hoxb5, hoxd1, mab21l2, mdk, mycbpap, nkd1, pdgfb, reln, robo1, robo2, rora, ryr2, sfrp1, sfrp4, sfrp5, shisa2, slit3, tbx2, tbx3, tdrd7, tenm4, tnfrsf12a, vegfa, wnt2, wnt4",upstream_5000_score_900
GO:0034380,BP,e,high-density lipoprotein particle assembly,5/312,6/21965,3.3219232921720907e-09,8,5,4.614889658003072e-06,"abca1, apoa1, apoa2, apoe, apom",upstream_5000_score_900
GO:0045893,BP,e,positive regulation of DNA-templated transcription,32/312,702/21965,7.271655638057803e-09,9,32,9.091751044263673e-06,"apoe, ctcfl, elf4, etv4, fosl2, foxa2, fzd7, gata6, hhex, hipk2, hnf1a, hnf1b, hnf4a, jun, lhx3, maz, mdk, mllt11, npas4, nr2f2, nr4a1, nr5a2, pdgfb, rora, sfrp1, sox4, spp1, srebf2, tbx2, tbx3, tmsb4x, wnt4",upstream_5000_score_900
GO:0045944,BP,e,positive regulation of transcription by RNA polymerase II,43/312,1198/21965,2.148500267542708e-08,10,43,2.3196711920431843e-05,"atf3, ccn1, crebrf, ctcfl, edn1, elf4, etv4, fgfr2, fosl2, foxa2, foxa3, gal, gata6, hhex, hipk2, hnf1a, hnf1b, hnf4a, hoxb4, hoxb5, igf2, jun, lhx3, maff, maz, nfkbiz, npas4, nr2f1, nr2f2, nr4a1, nr5a2, onecut2, onecut3, pcgf5, rgcc, rora, sox4, srebf2, stat6, tbx2, tbx3, vegfa, wnt2",upstream_5000_score_900
GO:0006694,BP,e,steroid biosynthetic process,10/312,64/21965,2.2263500203565717e-08,5,10,2.3196711920431843e-05,"cyp27a1, cyp51, dhcr24, dhcr7, fdft1, fdx1, hmgcs1, mvk, nsdhl, tm7sf2",upstream_5000_score_900
GO:0030154,BP,e,cell differentiation,37/312,967/21965,4.623965741727605e-08,3,37,4.447187974524633e-05,"blk, cbfa2t3, ccdc63, cdc20, efnb1, elf4, epha2, etv4, foxa2, foxa3, fst, gadd45b, hhex, hnf4a, mdk, mycbpap, nell1, nkd1, npas4, nr2f1, nr2f2, nr2f6, nrg1, rims2, robo1, robo2, sfrp1, sfrp4, sfrp5, slit3, smad6, sox4, tdrd7, tenm4, tnfrsf12a, vegfa, wnt4",upstream_5000_score_900
GO:0010628,BP,e,positive regulation of gene expression,26/312,535/21965,5.7347559597995513e-08,8,26,5.121546697526699e-05,"actg1, alox12, apob, atf3, ccn2, ctcfl, cyp26b1, ephb2, etv4, fgfr2, fgfr4, hnf1a, hnf1b, hnf4a, ldlr, maz, nrg1, pdgfb, rbfox2, rgcc, rims2, rnf207, robo1, sfrp4, tnc, vegfa",upstream_5000_score_900
GO:0043691,BP,e,reverse cholesterol transport,6/312,20/21965,2.566017629727792e-07,8,6,0.0002138861228299,"abca1, apoa1, apoa2, apoe, apom, hnf1a",upstream_5000_score_900
GO:0042158,BP,e,lipoprotein biosynthetic process,4/312,6/21965,5.857628316761567e-07,6,4,0.0004308113343792,"abca1, apoa1, apob, apoe",upstream_5000_score_900
GO:0034384,BP,e,high-density lipoprotein particle clearance,4/312,6/21965,5.857628316761567e-07,3,4,0.0004308113343792,"apoa2, apoe, apom, ldlr",upstream_5000_score_900
GO:0006633,BP,e,fatty acid biosynthetic process,9/312,70/21965,6.381146622945405e-07,8,9,0.0004432415345927,"acly, elovl5, elovl6, fads2, fasn, hnf1a, lpl, prkag3, scd2",upstream_5000_score_900
GO:0006355,BP,e,regulation of DNA-templated transcription,36/312,1055/21965,1.304540622042673e-06,8,36,0.0008584563893368,"atf3, creb3l1, crebrf, elf4, etv4, fosl2, foxa2, foxa3, fzd7, gata6, hhex, hnf1a, hnf4a, hoxb4, hoxb5, hoxd1, jun, lhx3, lrrfip1, maff, nr2f1, nr2f2, nr2f6, nr4a1, nr5a2, onecut3, rora, smad6, snai3, sox4, srebf2, stat6, tbx2, tbx3, usp13, zfp280b",upstream_5000_score_900
GO:0008284,BP,e,positive regulation of cell population proliferation,23/312,519/21965,1.673284352978502e-06,5,23,0.0010460537132645,"atf3, ccn2, cdc20, edn1, fabp4, fgfr2, fgfr4, gnas, hipk2, igf2, jun, klb, mab21l2, maz, nrg1, pdgfb, prl8a2, sfrp1, sox4, tbx3, tnc, vegfa, wnt2",upstream_5000_score_900
GO:0008543,BP,e,fibroblast growth factor receptor signaling pathway,8/312,59/21965,1.7908640200669254e-06,8,8,0.0010662463258522,"ccn2, fgfr2, fgfr4, flrt3, klb, pdgfb, tbx2, wnt4",upstream_5000_score_900
GO:0000122,BP,e,negative regulation of transcription by RNA polymerase II,34/312,979/21965,2.134844769547872e-06,10,34,0.0011806783249801,"ankrd1, atf3, cbfa2t3, crebrf, edn1, fgfr2, fst, gata6, hhex, hic1, hipk2, hnf1a, hnf1b, hoxb4, igf2, irf2bp1, jun, lmcd1, lrrfip1, maz, nacc2, nr2f1, nr2f2, nr2f6, plk1, s100a1, snai3, sox4, srebf2, stat6, tbx2, tbx3, vegfa, zbtb12",upstream_5000_score_900
GO:0006357,BP,e,regulation of transcription by RNA polymerase II,42/312,1360/21965,2.236410990484128e-06,9,42,0.0011806783249801,"adnp, ankrd1, atf3, creb3l1, crebrf, ctcfl, elf4, etv4, fosl2, foxa2, foxa3, gata6, gnas, hhex, hic1, hnf1a, hnf1b, hnf4a, hoxb5, hoxd1, irf2bp1, jun, lhx3, lrrfip1, maff, maz, npas4, nr2f2, nr4a1, nr5a2, onecut2, onecut3, pcgf5, rora, smad6, snai3, srebf2, stat6, tbx2, tbx3, vegfa, zfp983",upstream_5000_score_900
GO:0003148,BP,e,outflow tract septum morphogenesis,6/312,28/21965,2.266358457931901e-06,4,6,0.0011806783249801,"fgfr2, gata6, robo1, robo2, smad6, tbx2",upstream_5000_score_900
GO:0033344,BP,e,cholesterol efflux,6/312,31/21965,4.2732077370799485e-06,8,6,0.0020549198591042,"abca1, apoa1, apoa2, apob, apoe, apom",upstream_5000_score_900
GO:0008285,BP,e,negative regulation of cell population proliferation,18/312,376/21965,8.146332788552398e-06,5,18,0.0037723555131581,"axin2, cbfa2t3, dhcr24, foxa3, gal, hnf4a, itga1, jun, nacc2, rgcc, robo1, sfrp1, sfrp4, sfrp5, slit3, smad6, sox4, tnfrsf9",upstream_5000_score_900
GO:0048514,BP,e,blood vessel morphogenesis,6/312,37/21965,1.2559501604102577e-05,4,6,0.0056082660198605,"edn1, epha2, lama1, nr2f2, pdgfb, vegfa",upstream_5000_score_900
GO:0010467,BP,e,gene expression,13/312,215/21965,1.338499040372639e-05,5,13,0.005770777069579,"apoe, col3a1, edn1, fosl2, foxa2, gata6, hipk2, lamc1, nfkbiz, pdgfb, sox4, stat6, svep1",upstream_5000_score_900
GO:0060070,BP,e,canonical Wnt signaling pathway,9/312,102/21965,1.511029290178765e-05,7,9,0.0062560299032515,"edn1, fgfr2, frat1, fzd7, sfrp1, sfrp4, sfrp5, wnt2, wnt4",upstream_5000_score_900
GO:0016055,BP,e,Wnt signaling pathway,13/312,218/21965,1.5511231464512366e-05,6,13,0.0062560299032515,"amer1, axin2, frat1, frat2, fzd7, hhex, hic1, nkd1, sfrp1, sfrp4, sfrp5, wnt2, wnt4",upstream_5000_score_900
GO:0003272,BP,e,endocardial cushion formation,4/312,12/21965,1.806726009133677e-05,3,4,0.0068525093065273,"robo1, robo2, tbx2, tbx3",upstream_5000_score_900
GO:0001889,BP,e,liver development,8/312,80/21965,1.8086283861105597e-05,5,8,0.0068525093065273,"gata6, hhex, hnf1a, hnf1b, jun, onecut2, pcsk9, vwf",upstream_5000_score_900
GO:0031018,BP,e,endocrine pancreas development,5/312,25/21965,2.356013191260248e-05,3,5,0.0086638920383314,"foxa2, gipr, hnf1b, onecut2, sox4",upstream_5000_score_900
GO:0034374,BP,e,low-density lipoprotein particle remodeling,4/312,13/21965,2.580537530948685e-05,8,4,0.0092184173569861,"apoa2, apob, apoe, mttp",upstream_5000_score_900
GO:0043065,BP,e,positive regulation of apoptotic process,17/312,374/21965,2.814492797948489e-05,6,17,0.0094864674954368,"aldh1a1, alox12, ankrd1, ccn1, ccn2, gadd45b, gal, gata6, jun, lgals1, mllt11, nell1, nr4a1, sfrp1, sfrp4, sox4, tnfrsf12a",upstream_5000_score_900
GO:0035567,BP,e,non-canonical Wnt signaling pathway,5/312,26/21965,2.8831941520163183e-05,7,5,0.0094864674954368,"fzd7, sfrp1, sfrp4, sfrp5, wnt4",upstream_5000_score_900
GO:0030301,BP,e,cholesterol transport,5/312,26/21965,2.8831941520163183e-05,7,5,0.0094864674954368,"abca1, apoa1, apoa2, apob, ldlr",upstream_5000_score_900
GO:0033700,BP,e,phospholipid efflux,4/312,14/21965,3.572378345071008e-05,7,4,0.0111663616121057,"abca1, apoa1, apoa2, apoe",upstream_5000_score_900
GO:0034375,BP,e,high-density lipoprotein particle remodeling,4/312,14/21965,3.572378345071008e-05,8,4,0.0111663616121057,"apoa1, apoa2, apoe, apom",upstream_5000_score_900
GO:0003180,BP,e,aortic valve morphogenesis,5/312,28/21965,4.208567035019444e-05,4,5,0.0125285032473447,"axin2, robo1, robo2, slit3, smad6",upstream_5000_score_900
GO:0010629,BP,e,negative regulation of gene expression,15/312,314/21965,4.744465841825096e-05,8,15,0.0137953619582184,"adnp, apoe, ccn2, creb3l1, edn1, fgfr4, ldlr, noct, pdgfb, robo1, sfrp1, slit3, vegfa, wnt4, xdh",upstream_5000_score_900
GO:0042127,BP,e,regulation of cell population proliferation,11/312,178/21965,5.0574862228203e-05,4,11,0.0143713068736186,"adam33, dhcr7, hhex, jun, nr5a2, plcd3, sat1, sqle, stat6, tbx3, tnfrsf9",upstream_5000_score_900
GO:0031016,BP,e,pancreas development,5/312,30/21965,5.9620803785094895e-05,4,5,0.0155299772859383,"gata6, hhex, hnf1a, hnf1b, onecut2",upstream_5000_score_900
GO:0060045,BP,e,positive regulation of cardiac muscle cell proliferation,5/312,30/21965,5.9620803785094895e-05,9,5,0.0155299772859383,"fgfr2, gata6, nrg1, tbx2, wnt2",upstream_5000_score_900
GO:0070328,BP,e,triglyceride homeostasis,5/312,30/21965,5.9620803785094895e-05,5,5,0.0155299772859383,"apoa1, apoe, hnf4a, lpl, rora",upstream_5000_score_900
GO:0009888,BP,e,tissue development,5/312,31/21965,7.026457225586705e-05,3,5,0.017928937692145,"dhcr24, fasn, lama1, lamc1, nr5a2",upstream_5000_score_900
GO:0007157,BP,e,heterophilic cell-cell adhesion via plasma membrane cell adhesion molecules,6/312,50/21965,7.352849246996268e-05,5,6,0.0183865348270388,"cadm3, cbln1, crb2, lgals1, nectin1, tenm4",upstream_5000_score_900
GO:0009952,BP,e,anterior/posterior pattern specification,9/312,126/21965,8.073585164534633e-05,4,9,0.0197461362314914,"celsr1, foxa2, hhex, hipk2, hnf1b, hoxb4, hoxb5, nr2f2, sfrp1",upstream_5000_score_900
GO:0016125,BP,e,sterol metabolic process,4/312,17/21965,8.212421691094568e-05,5,4,0.0197461362314914,"cyp26b1, cyp51, dhcr24, lipo3",upstream_5000_score_900
GO:0030324,BP,e,lung development,8/312,107/21965,0.0001461169513713,4,8,0.0326232186249232,"ccn2, col3a1, dhcr7, fgfr2, fgfr4, fosl2, foxa2, vegfa",upstream_5000_score_900
GO:0090263,BP,e,positive regulation of canonical Wnt signaling pathway,8/312,107/21965,0.0001461169513713,8,8,0.0326232186249232,"adnp, amer1, fgfr2, frat1, hhex, sfrp1, sfrp4, sox4",upstream_5000_score_900
GO:0016477,BP,e,cell migration,13/312,272/21965,0.0001500423150813,3,13,0.0329119134291695,"ccn2, col5a1, coro1a, epha2, fgfr4, lamc1, mdk, onecut2, pdgfb, reln, svep1, vegfa, vtn",upstream_5000_score_900
GO:0001568,BP,e,blood vessel development,7/312,81/21965,0.0001543761667194,3,7,0.0332787105602332,"col3a1, col5a1, dhcr7, epha2, pdgfb, tbx3, vegfa",upstream_5000_score_900
GO:0051145,BP,e,smooth muscle cell differentiation,4/312,20/21965,0.0001616511999535,5,4,0.0342563551359231,"gata6, tbx2, tbx3, wnt4",upstream_5000_score_900
GO:0032967,BP,e,positive regulation of collagen biosynthetic process,5/312,37/21965,0.0001681259448946,6,5,0.0350346448169629,"ccn2, creb3l1, pdgfb, rgcc, wnt4",upstream_5000_score_900
GO:0050729,BP,e,positive regulation of inflammatory response,7/312,84/21965,0.0001939372540458,7,7,0.0381015493488802,"ddt, fabp4, ldlr, lgals1, lpl, mdk, nfkbiz",upstream_5000_score_900
GO:0018108,BP,e,peptidyl-tyrosine phosphorylation,7/312,84/21965,0.0001939372540458,8,7,0.0381015493488802,"blk, ephb2, fgfr2, fgfr4, pdgfb, reln, vegfa",upstream_5000_score_900
GO:0031175,BP,e,neuron projection development,10/312,175/21965,0.0002102005291717,6,10,0.0392259286005204,"apoe, atcay, edn1, flrt3, lama1, lamc1, map1b, psd, stmn4, tnc",upstream_5000_score_900
GO:0001701,BP,e,in utero embryonic development,14/312,322/21965,0.000225583341049,7,14,0.0402924073305256,"apob, col3a1, cubn, edn1, fgfr2, foxa2, gata6, hcn4, hhex, igf2, maff, nr2f2, tbx3, vegfa",upstream_5000_score_900
GO:0031589,BP,e,cell-substrate adhesion,4/312,22/21965,0.0002386553792363,3,4,0.0418716585287006,"coro1a, ephb1, smad6, vwf",upstream_5000_score_900
GO:0007411,BP,e,axon guidance,10/312,178/21965,0.0002411228836332,8,10,0.0418716585287006,"efnb1, ephb1, ephb2, flrt3, lama1, nectin1, reln, robo1, robo2, slit3",upstream_5000_score_900
GO:0060412,BP,e,ventricular septum morphogenesis,5/312,40/21965,0.00024511642863,4,5,0.0419820644816723,"robo1, robo2, slit3, sox4, tbx3",upstream_5000_score_900
GO:0006096,BP,e,glycolytic process,5/312,41/21965,0.0002759437684145,12,5,0.0466233099525294,"eno2, hkdc1, ier3, pfkfb2, prkag3",upstream_5000_score_900
GO:0008150,BP,p,biological_process,15/312,2559/21965,3.771949996281816e-05,0,15,0.0115026075130515,"2310030g06rik, 2810459m11rik, abhd18, eml5, fam222a, fsd1l, itih5, kctd9, mycbpap, prr12, prr9, prrt4, spats2l, tmem158, tmem71",upstream_5000_score_900
GO:0005615,CC,e,extracellular space,58/312,1643/21965,1.1422308782033828e-10,2,58,2.06629565866992e-07,"adamts9, adnp, aoc1, aoc3, apoa1, apoa2, apob, apoe, apom, bgn, ccn2, col3a1, col5a1, col6a3, cpn1, ddt, edn1, fam20c, flrt3, fst, gal, h2-q6, hbb-bs, igf2, il1r1, lama1, ldlr, lgals1, lpl, lyz2, nell1, nppb, nrg1, pcsk9, pdgfb, pf4, prl8a2, reln, sct, serpinb6b, serpinb9c, sfrp1, sfrp4, sfrp5, slit3, spp1, stc1, svep1, tfpi, timp3, tnc, ulbp1, vegfa, vtn, vwf, wnt2, wnt4, xdh",upstream_5000_score_900
GO:0005576,CC,e,extracellular region,56/312,1724/21965,6.959363418402822e-09,2,56,6.294744211945353e-06,"abhd18, aoc1, apoa1, apoa2, apob, apoe, apom, bgn, cbln1, ccn1, ccn2, col3a1, col5a1, cpn1, edn1, fam20c, fgfr2, flrt3, fst, gal, gnas, gstm1, igf2, il1r1, il1r2, itih5, lama1, lamc1, lgals1, lpl, lyz2, mdk, nell1, nppb, nptx2, pcsk9, pdgfb, pf4, reln, sct, sfrp1, sfrp4, sfrp5, slit3, spp1, stc1, svep1, tfpi, timp3, tnc, tuft1, vtn, vwf, wnt2, wnt4, xdh",upstream_5000_score_900
GO:0034361,CC,e,very-low-density lipoprotein particle,7/312,26/21965,5.692156679753357e-08,6,7,3.432370477891274e-05,"apoa1, apoa2, apob, apoe, apom, lpl, pcyox1",upstream_5000_score_900
GO:0009986,CC,e,cell surface,31/312,753/21965,1.2623657859210144e-07,2,31,5.709049266827788e-05,"abca1, adamts9, aoc3, apoa1, apoe, bgn, car4, efnb1, eno2, epha2, ephb2, fgfr2, h2-q6, hcn1, il1r1, itga1, kcnj6, ldlr, lgals1, lpl, pcsk9, pdgfb, robo1, robo2, sfrp1, sfrp4, tfpi, tnfrsf12a, ulbp1, vegfa, wnt4",upstream_5000_score_900
GO:0034362,CC,e,low-density lipoprotein particle,5/312,13/21965,6.565008504991002e-07,5,5,0.0002375220077105,"apoa1, apob, apoe, apom, ldlr",upstream_5000_score_900
GO:0062023,CC,e,collagen-containing extracellular matrix,18/312,325/21965,1.0604383807970105e-06,4,18,0.0003197221718102,"bgn, ccn1, col3a1, col5a1, col6a3, fgfr2, igf2, itih5, lama1, lamc1, lgals1, pf4, reln, sfrp1, tnc, vtn, vwf, wnt2",upstream_5000_score_900
GO:0042383,CC,e,sarcolemma,11/312,125/21965,1.7547725135638953e-06,4,11,0.0004534833538624,"alox12, atp1a3, bgn, cacna1s, car4, col6a3, gnas, krt19, pde9a, ryr2, sspn",upstream_5000_score_900
GO:0031012,CC,e,extracellular matrix,14/312,238/21965,8.55374567742641e-06,3,14,0.0016253001414003,"adamts9, apoe, bgn, ccn2, col3a1, col5a1, col6a3, lama1, reln, svep1, timp3, vtn, vwf, wnt4",upstream_5000_score_900
GO:0042627,CC,e,chylomicron,4/312,11/21965,1.2181090881910285e-05,5,4,0.002003235764125,"apoa2, apob, apoe, lpl",upstream_5000_score_900
GO:0005667,CC,e,transcription regulator complex,15/312,292/21965,2.0555202913438756e-05,2,15,0.0030986968392008,"ankrd1, foxa2, gata6, hnf1a, hnf1b, jun, lhx3, npas4, nr4a1, onecut3, smad6, snai3, sox4, tbx2, tbx3",upstream_5000_score_900
GO:0030424,CC,e,axon,19/312,453/21965,2.904346741618483e-05,5,19,0.004041510196606,"actg1, adnp, aldh1a1, atcay, atp1a3, coro1a, ephb1, ephb2, hcn1, hcn4, il1r1, kcnj6, map1a, map1b, nectin1, nrg1, reln, robo1, synpo",upstream_5000_score_900
GO:0030425,CC,e,dendrite,21/312,552/21965,4.62788674756847e-05,5,21,0.0059798908045366,"adnp, apoe, atcay, ephb1, ephb2, gnas, grip2, hcn1, hcn4, kcnd3, kcnj2, kcnj6, map1a, map1b, mlph, nectin1, pdgfb, reln, robo1, srebf2, synpo",upstream_5000_score_900
GO:0034364,CC,e,high-density lipoprotein particle,5/312,30/21965,5.9620803785094895e-05,5,5,0.006344354943955,"apoa1, apoa2, apob, apoe, apom",upstream_5000_score_900
GO:0005737,CC,e,cytoplasm,130/312,6814/21965,7.425879895244642e-05,2,130,0.0074630092947208,"acly, acta1, actg1, actn2, aldh1a1, aldh1l1, alox12, amer1, amph, ankrd1, aoc3, apob, astn2, atcay, atp1a3, axin2, cacna1s, car3, car7, cdc20, clic6, coro1a, crb2, crebrf, ctcfl, cubn, cyp26b1, ddt, dhcr24, dusp8, edn1, efnb1, eml5, eno2, ephb1, epn3, fabp4, fam20c, fasn, fbxo32, fgfr2, foxa2, frat1, frat2, fst, gadd45b, gnas, grip2, gstm1, gstt1, hhex, hipk2, hkdc1, hmgcs1, hnf1a, hnf4a, hspb8, il1r2, isg20, kif12, lacc1, lgals1, lims2, lmcd1, lratd1, lrrfip1, mab21l2, map1a, map1b, maz, mbnl2, medag, mllt11, mvk, mycbpap, myh11, myh7b, nell1, nkd1, nlrc3, nmrk2, noct, nppb, nr4a1, nr5a2, nrg1, pcsk9, pde9a, pdgfb, pf4, pip4k2b, plcd3, plk1, ppp4r4, prkag3, rbfox2, reln, rgcc, rgs16, rnf207, robo1, s100a1, samd5, sat1, sec14l4, serpinb6b, serpinb9c, sfrp4, smad6, sox4, spats2l, spp1, sprr2h, srebf2, stac2, stat6, stc1, stmn4, svep1, synpo, tbx2, tdrd7, tenm4, tmsb4x, tuft1, vegfa, wnt2, wnt4, wsb1, xdh",upstream_5000_score_900
GO:0005783,CC,e,endoplasmic reticulum,42/312,1584/21965,9.181974723088762e-05,5,42,0.0087422064600355,"adamts9, aoc3, apob, apoe, atp1a3, creb3l1, cubn, cyp26b1, cyp51, dhcr24, dhcr7, elovl5, elovl6, ephb1, fads2, fam20c, fdft1, fgfr4, fkbp14, flrt3, gramd1b, gulo, h2-q6, insig1, lacc1, mttp, nsdhl, pcsk9, pde9a, pip4k2b, retreg1, rrs1, rsad2, scd2, shisa2, sqle, srebf2, tecrl, tm7sf2, vegfa, vtn, vwf",upstream_5000_score_900
GO:0070062,CC,e,extracellular exosome,7/312,88/21965,0.0002590192432482,6,7,0.0203724265667872,"actg1, aoc1, apoe, bhmt, car4, cubn, kif12",upstream_5000_score_900
GO:0043083,CC,e,synaptic cleft,4/312,24/21965,0.0003390060486122,3,4,0.0255525809141505,"apoe, cbln1, lamc1, nptx2",upstream_5000_score_900
GO:0090575,CC,e,RNA polymerase II transcription regulator complex,8/312,130/21965,0.0005499713555031,3,8,0.0397959272842059,"adnp, atf3, fosl2, hipk2, jun, maff, nr5a2, stat6",upstream_5000_score_900
GO:0005575,CC,p,cellular_component,10/312,2171/21965,8.984522616917523e-06,0,10,0.0016253001414003,"2810459m11rik, abhd18, erv3, fam222a, fsd1l, lratd1, prr12, prr9, prrt4, tmem158",upstream_5000_score_900
GO:0005515,MF,e,protein binding,133/312,5313/21965,6.798727758091613e-13,2,133,3.10361922156882e-09,"2810459m11rik, abca1, acly, acta1, actg1, actn2, adnp, ado, aldh1l1, amph, ankrd1, ano1, apoa1, apoe, apom, astn2, axin2, blk, cadm3, car4, cbfa2t3, cbln1, cdc20, celsr1, ciart, col5a1, coro1a, crb2, ctcfl, cubn, edn1, efnb1, epha2, ephb1, ephb2, fbxo32, fgfr2, fgfr4, flrt3, foxa2, frat1, fzd7, gadd45b, gata6, gnas, grip2, gstm1, h1f10, hcn1, hcn4, hhex, hic1, hipk2, hnf1a, hnf1b, hnf4a, hoxb5, hspb8, ier3, igf2, il1r1, insig1, itga1, jun, kcnd3, kcnj2, klb, krt19, lama1, lamc1, ldlr, lgals1, lhx3, lmcd1, lpl, lrrfip1, map1a, map1b, maz, mdk, mlph, mttp, nectin1, nfkbiz, nkd1, nlrc3, nmrk2, noct, npas4, nppb, nr2f6, nr4a1, nrg1, pcgf5, pip4k2b, plk1, ppp4r4, psd, ptprb, rasl11b, rbfox2, reln, retreg1, rgcc, rgs16, rims2, robo1, rora, rrs1, rsad2, ryr2, s100a1, sfrp1, slitrk4, smad6, sox4, srebf2, stat6, svep1, sytl4, tbx2, tbx3, tdrd7, tmem158, tmsb4x, tnfrsf12a, tnfrsf9, tuft1, vegfa, vwf, wnt4, wsb1, xdh",upstream_5000_score_900
GO:0003700,MF,e,DNA-binding transcription factor activity,33/312,608/21965,4.937644461506696e-11,2,33,1.1270173483389033e-07,"atf3, creb3l1, crebrf, elf4, etv4, fosl2, foxa2, foxa3, gata6, hhex, hic1, hnf1a, hnf1b, hnf4a, hoxb4, hoxb5, hoxd1, jun, maff, nr2f1, nr2f2, nr2f6, nr4a1, nr5a2, onecut2, onecut3, rora, snai3, sox4, srebf2, stat6, tbx2, tbx3",upstream_5000_score_900
GO:0008201,MF,e,heparin binding,16/312,171/21965,3.196275695963775e-09,4,16,4.863666184024877e-06,"aoc1, apob, apoe, ccn1, ccn2, col5a1, fgfr2, fgfr4, lpl, mdk, nell1, pf4, sfrp1, slit3, vegfa, vtn",upstream_5000_score_900
GO:0043565,MF,e,sequence-specific DNA binding,26/312,475/21965,5.169673339394414e-09,5,26,5.888921245281852e-06,"ctcfl, elf4, etv4, fosl2, foxa2, foxa3, gata6, hhex, hic1, hnf1a, hnf1b, hnf4a, hoxd1, jun, lhx3, maff, nr2f1, nr2f2, nr2f6, nr4a1, nr5a2, rora, srebf2, stat6, tbx2, tbx3",upstream_5000_score_900
GO:0005543,MF,e,phospholipid binding,13/312,111/21965,6.4500780342627084e-09,3,13,5.888921245281852e-06,"amph, apoa1, apoa2, apob, apoe, apom, bin2, epn3, map1b, mycbpap, nr5a2, psd, sytl4",upstream_5000_score_900
GO:0120020,MF,e,cholesterol transfer activity,7/312,21/21965,1.0694828865403569e-08,5,7,8.136982295094548e-06,"abca1, apoa1, apoa2, apob, apoe, gramd1b, mttp",upstream_5000_score_900
GO:1990837,MF,e,sequence-specific double-stranded DNA binding,27/312,541/21965,1.8198084319232195e-08,6,27,1.186775070247071e-05,"atf3, creb3l1, elf4, etv4, foxa2, foxa3, gata6, hic1, hnf4a, hoxb4, hoxb5, hoxd1, jun, maff, mbnl2, nr2f1, nr2f6, nr4a1, nr5a2, onecut2, onecut3, snai3, sox4, srebf2, tbx2, tbx3, zbtb12",upstream_5000_score_900
GO:0000978,MF,e,RNA polymerase II cis-regulatory region sequence-specific DNA binding,40/312,1084/21965,3.355093280408414e-08,9,40,1.9145001031330512e-05,"atf3, ciart, ctcfl, elf4, etv4, fosl2, foxa2, foxa3, gata6, hhex, hnf1a, hnf1b, hnf4a, hoxb4, hoxb5, hoxd1, jun, lrrfip1, maff, maz, nacc2, nfkbiz, npas4, nr2f1, nr2f2, nr2f6, nr4a1, nr5a2, onecut2, onecut3, rora, snai3, sox4, srebf2, stat6, tbx2, tbx3, zbtb12, zfp280b, zfp983",upstream_5000_score_900
GO:0000976,MF,e,transcription cis-regulatory region binding,18/312,267/21965,5.8106850237819056e-08,7,18,2.947308570396044e-05,"atf3, ciart, creb3l1, ctcfl, fosl2, foxa2, foxa3, gata6, hhex, hnf1a, hnf1b, hnf4a, jun, lhx3, nr5a2, smad6, sox4, srebf2",upstream_5000_score_900
GO:0000981,MF,e,"DNA-binding transcription factor activity, RNA polymerase II-specific",37/312,981/21965,6.658230333275064e-08,3,37,3.0394821471400666e-05,"adnp, atf3, creb3l1, crebrf, elf4, etv4, fosl2, foxa2, foxa3, gata6, hhex, hic1, hnf1a, hnf1b, hnf4a, hoxb4, hoxb5, hoxd1, jun, lhx3, lrrfip1, maff, maz, nacc2, npas4, nr4a1, onecut2, onecut3, rora, snai3, sox4, srebf2, stat6, tbx2, tbx3, zfp280b, zfp983",upstream_5000_score_900
GO:0005319,MF,e,lipid transporter activity,6/312,23/21965,6.447103602084293e-07,2,6,0.0002675547994864,"apoa1, apoa2, apob, apoe, apom, mttp",upstream_5000_score_900
GO:0005102,MF,e,signaling receptor binding,20/312,393/21965,1.0017350783305005e-06,3,20,0.0003810767193815,"abca1, ano1, apoa1, apoa2, apoe, blk, edn1, ephb2, h2-q6, hnf4a, itga1, lama1, lpl, nppb, nrg1, pdgfb, sct, slit3, wnt2, wnt4",upstream_5000_score_900
GO:0001228,MF,e,"DNA-binding transcription activator activity, RNA polymerase II-specific",23/312,511/21965,1.286547719479538e-06,4,23,0.0004517761799556,"atf3, creb3l1, crebrf, ctcfl, elf4, etv4, fosl2, foxa2, hhex, hnf1a, hnf4a, hoxb5, jun, lhx3, maff, npas4, nr4a1, nr5a2, onecut2, onecut3, sox4, stat6, tbx3",upstream_5000_score_900
GO:0042802,MF,e,identical protein binding,53/312,1911/21965,2.2627465703085776e-06,3,53,0.0007378170066756,"actg1, actn2, aldh1a1, ano1, aoc3, apoa1, apoe, atf3, bhmt, cbln1, clic6, coro1a, cubn, eno2, ephb2, fasn, fgfr2, gfpt1, gstm1, h2-q6, hcn1, hcn4, hnf1a, hnf1b, hspb8, jun, kcnj2, kctd9, ldlr, lgals1, lyz2, maob, mvk, nectin1, nell1, nr4a1, pde9a, pdgfb, plk1, robo1, robo2, ryr2, s100a1, sat1, sfrp1, smad6, stat6, stc1, tenm4, vegfa, vtn, vwf, xdh",upstream_5000_score_900
GO:0042803,MF,e,protein homodimerization activity,29/312,781/21965,2.6149820181187745e-06,4,29,0.0007958261941808,"ano1, aoc1, apoa2, apoe, atf3, cadm3, coro1a, cubn, fgfr2, flrt3, gstm1, h2-q6, hhex, hmgcs1, hnf1a, hnf1b, hnf4a, hspb8, lpl, lrrfip1, nacc2, nectin1, nr2f2, pdgfb, pip4k2b, s100a1, tenm4, wdr54, xdh",upstream_5000_score_900
GO:0046872,MF,e,metal ion binding,75/312,3203/21965,7.680206413754459e-06,5,75,0.00210199511159,"acly, actn2, adam33, adnp, ado, alox12, ano1, aoc1, aoc3, astn2, atp1a3, b4galt6, cacna1s, calm4, car3, car4, car7, cbfa2t3, col3a1, cpn1, ctcfl, cubn, cyp26b1, cyp27a1, cyp51, eno2, fam20c, fdft1, fdx1, fkbp14, galnt10, gata6, gnas, hic1, hnf4a, irf2bp1, isg20, itga1, kcnd3, lacc1, lhx3, lims2, lmcd1, lpl, maz, mbnl2, mlph, mvk, nkd1, nmrk2, noct, nptx2, nr2f1, nr2f2, nr2f6, nr4a1, nr5a2, pcgf5, pde9a, plcd3, reln, rims2, rnf207, rora, rsad2, rxfp1, s100a1, scd2, smad6, snai3, stac2, sytl4, timp3, usp13, xdh",upstream_5000_score_900
GO:0071813,MF,e,lipoprotein particle binding,4/312,10/21965,7.839328513091375e-06,4,4,0.00210199511159,"apoa1, apoe, ldlr, lpl",upstream_5000_score_900
GO:0004879,MF,e,nuclear receptor activity,7/312,53/21965,9.604354234161706e-06,4,7,0.0023075724778393,"hnf4a, nr2f1, nr2f2, nr2f6, nr4a1, nr5a2, rora",upstream_5000_score_900
GO:0008046,MF,e,axon guidance receptor activity,4/312,11/21965,1.2181090881910285e-05,4,4,0.0025275763579963,"ephb1, ephb2, robo1, robo2",upstream_5000_score_900
GO:0016491,MF,e,oxidoreductase activity,22/312,590/21965,4.117242696928448e-05,2,22,0.0078313387131159,"ado, aldh1a1, aldh1l1, alox12, aoc1, aoc3, cyp26b1, cyp27a1, cyp51, dhcr24, dhcr7, fads2, fasn, gulo, maob, nsdhl, pcyox1, scd2, sqle, tecrl, tm7sf2, xdh",upstream_5000_score_900
GO:0005201,MF,e,extracellular matrix structural constituent,8/312,93/21965,5.418205543965825e-05,2,8,0.0096566767087079,"col3a1, col5a1, lama1, lamc1, reln, tnc, vtn, vwf",upstream_5000_score_900
GO:0001221,MF,e,transcription coregulator binding,6/312,49/21965,6.547960445930503e-05,4,6,0.0110709034946936,"hnf1a, hnf1b, hnf4a, lhx3, nr5a2, rora",upstream_5000_score_900
GO:0034185,MF,e,apolipoprotein binding,4/312,18/21965,0.0001044104036041,3,4,0.017022624730466,"abca1, lpl, mttp, pcsk9",upstream_5000_score_900
GO:0003677,MF,e,DNA binding,44/312,1725/21965,0.00017107619338,4,44,0.0260320940926608,"adnp, ankrd1, atf3, creb3l1, ctcfl, elf4, etv4, fosl2, foxa2, foxa3, gata6, h1f0, hhex, hic1, hipk2, hnf1a, hnf1b, hnf4a, hoxb4, hoxb5, hoxd1, jun, lhx3, lrrfip1, maff, maz, nacc2, nfkbiz, npas4, nr2f1, nr2f2, nr2f6, nr4a1, nr5a2, onecut2, onecut3, prr12, rora, snai3, sox4, srebf2, stat6, tbx2, tbx3",upstream_5000_score_900
GO:0044877,MF,e,protein-containing complex binding,22/312,657/21965,0.000265790916149,2,22,0.0391398558780806,"aldh1l1, amph, aoc1, apoe, bhmt, crb2, eno2, ephb1, ephb2, h2-q6, hbb-bs, hnf1b, hnf4a, jun, krt19, map1b, mttp, nacc2, nectin1, npas4, rims2, sspn",upstream_5000_score_900
GO:0043395,MF,e,heparan sulfate proteoglycan binding,4/312,23/21965,0.0002856832018942,4,4,0.0407544942702257,"apoe, atp1a3, fst, lpl",upstream_5000_score_900
GO:0005178,MF,e,integrin binding,9/312,151/21965,0.000317758969657,4,9,0.0439566574692245,"ccn1, ccn2, col3a1, igf2, itga1, nrg1, spp1, vtn, vwf",upstream_5000_score_900
GO:0071949,MF,e,FAD binding,5/312,43/21965,0.0003463312669316,6,5,0.0465000656924395,"dhcr24, gulo, pcyox1, sqle, xdh",upstream_5000_score_900
GO:0001227,MF,e,"DNA-binding transcription repressor activity, RNA polymerase II-specific",14/312,337/21965,0.0003577219802047,4,14,0.0466571668467083,"atf3, creb3l1, hhex, hic1, jun, lrrfip1, nacc2, nr2f1, nr2f6, snai3, srebf2, tbx2, tbx3, zbtb12",upstream_5000_score_900
GO:0003674,MF,p,molecular_function,25/312,3698/21965,8.288261119084542e-06,0,25,0.00210199511159,"2310030g06rik, abhd18, ccdc63, dop1b, eml5, erv3, fam222a, frat2, fsd1l, fyb2, itih5, kctd9, lims2, lratd1, medag, mllt11, mycbpap, prr12, prr9, prrt4, sec14l4, spats2l, stac2, tmem158, tmem71",upstream_5000_score_900
GO:0006629,BP,e,lipid metabolic process,15/81,714/21965,4.590332453067473e-08,3,15,0.0004167510060624,"aldh1a1, b4galt6, cyp26b1, dhcr24, dhcr7, elovl5, elovl6, fads2, fasn, fdft1, hmgcs1, lpl, mttp, nsdhl, pip4k2b",upstream_5000_score_990
GO:0016126,BP,e,sterol biosynthetic process,5/81,29/21965,6.666416157120717e-08,6,5,0.0004167510060624,"dhcr24, dhcr7, fdft1, hmgcs1, nsdhl",upstream_5000_score_990
GO:0008203,BP,e,cholesterol metabolic process,7/81,116/21965,2.403595950619595e-07,6,7,0.0010017386723532,"abca1, dhcr24, dhcr7, fdft1, hmgcs1, mttp, nsdhl",upstream_5000_score_990
GO:0006695,BP,e,cholesterol biosynthetic process,5/81,40/21965,3.578424928366388e-07,7,5,0.0011150503727047,"dhcr24, dhcr7, fdft1, hmgcs1, nsdhl",upstream_5000_score_990
GO:0008202,BP,e,steroid metabolic process,7/81,127/21965,4.4591312993071405e-07,4,7,0.0011150503727047,"akr1c19, dhcr24, dhcr7, fdft1, hmgcs1, mttp, nsdhl",upstream_5000_score_990
GO:0042632,BP,e,cholesterol homeostasis,6/81,99/21965,1.7768162729677663e-06,5,6,0.0037025889768193,"abca1, fabp4, gramd1b, lpl, mttp, rora",upstream_5000_score_990
GO:0006694,BP,e,steroid biosynthetic process,5/81,64/21965,3.869297242467378e-06,5,5,0.0069111176317956,"dhcr24, dhcr7, fdft1, hmgcs1, nsdhl",upstream_5000_score_990
GO:0006633,BP,e,fatty acid biosynthetic process,5/81,70/21965,6.036826642675974e-06,8,5,0.0094348054391722,"elovl5, elovl6, fads2, fasn, lpl",upstream_5000_score_990
GO:0005783,CC,e,endoplasmic reticulum,18/81,1584/21965,1.4509742809135242e-05,5,18,0.0262481247417256,"adamts9, atp1a3, creb3l1, cyp26b1, dhcr24, dhcr7, elovl5, elovl6, ephb1, fads2, fam20c, fdft1, gramd1b, mttp, nsdhl, pip4k2b, retreg1, rsad2",upstream_5000_score_990
GO:0030424,CC,e,axon,9/81,453/21965,4.3719792693080365e-05,5,9,0.0311706660467371,"aldh1a1, atp1a3, ephb1, ephb2, kcnj6, map1a, nrg1, robo1, synpo",upstream_5000_score_990
GO:0005737,CC,e,cytoplasm,43/81,6814/21965,5.16926468436768e-05,2,43,0.0311706660467371,"actn2, aldh1a1, aldh1l1, amph, ankrd1, atp1a3, axin2, car3, car7, clic6, cyp26b1, dhcr24, dusp8, edn1, ephb1, epn3, fabp4, fam20c, fasn, fgfr2, gnas, grip2, gstt1, hipk2, hmgcs1, il1r2, isg20, map1a, mbnl2, mllt11, myh11, nrg1, pip4k2b, rnf207, robo1, samd5, smad6, sprr2h, stc1, synpo, tenm4, tmsb4x, xdh",upstream_5000_score_990
GO:0043621,MF,e,protein self-association,5/81,85/21965,1.5669544932793176e-05,3,5,0.0357657363091004,"fam20c, kctd9, retreg1, rsad2, ryr2",upstream_5000_score_990
GO:0008203,BP,e,cholesterol metabolic process,15/181,116/21965,4.071836668743922e-14,6,15,5.091017386930527e-10,"abca1, apob, apoe, cubn, dhcr7, fdft1, fdx1, hmgcs1, hnf1a, insig1, mttp, nsdhl, sqle, srebf2, tm7sf2",upstream_750_score_950
GO:0042632,BP,e,cholesterol homeostasis,11/181,99/21965,5.892859917777821e-10,5,11,2.673516805572117e-06,"abca1, apob, apoe, fabp4, gramd1b, insig1, lpl, mttp, nr5a2, rora, srebf2",upstream_750_score_950
GO:0008202,BP,e,steroid metabolic process,12/181,127/21965,6.414900757191355e-10,4,12,2.673516805572117e-06,"akr1c19, apob, cubn, dhcr7, fdft1, fdx1, hmgcs1, insig1, mttp, nsdhl, srebf2, tm7sf2",upstream_750_score_950
GO:0016126,BP,e,sterol biosynthetic process,7/181,29/21965,3.0757998146289758e-09,6,7,9.61418127057652e-06,"dhcr7, fdft1, hmgcs1, insig1, nsdhl, sqle, tm7sf2",upstream_750_score_950
GO:0006629,BP,e,lipid metabolic process,24/181,714/21965,5.414494390741499e-09,3,24,1.2624489690549218e-05,"acly, aldh1a1, apob, apoe, b4galt6, cubn, dhcr7, elovl5, elovl6, fads2, fasn, fdft1, fdx1, hmgcs1, insig1, lpl, mttp, nsdhl, prkag3, scd2, sqle, srebf2, tecrl, tm7sf2",upstream_750_score_950
GO:0006633,BP,e,fatty acid biosynthetic process,9/181,70/21965,6.058301059209414e-09,8,9,1.2624489690549218e-05,"acly, elovl5, elovl6, fads2, fasn, hnf1a, lpl, prkag3, scd2",upstream_750_score_950
GO:0042157,BP,e,lipoprotein metabolic process,5/181,18/21965,2.8237078373919336e-07,5,5,0.0005043545584415,"abca1, apob, apoe, apom, mttp",upstream_750_score_950
GO:0010628,BP,e,positive regulation of gene expression,18/181,535/21965,4.954970906536857e-07,8,18,0.0007744000155553,"actg1, apob, atf3, ccn2, ctcfl, ephb2, etv4, fgfr2, hnf1a, hnf1b, nrg1, rbfox2, rgcc, rims2, rnf207, robo1, tnc, vegfa",upstream_750_score_950
GO:0006695,BP,e,cholesterol biosynthetic process,6/181,40/21965,8.764621500395044e-07,7,6,0.0012176006957715,"dhcr7, fdft1, hmgcs1, insig1, nsdhl, tm7sf2",upstream_750_score_950
GO:0045893,BP,e,positive regulation of DNA-templated transcription,20/181,702/21965,1.5035036189460755e-06,9,20,0.0018798305747682,"apoe, ctcfl, etv4, fosl2, fzd7, gata6, hipk2, hnf1a, hnf1b, mdk, mllt11, npas4, nr4a1, nr5a2, rora, sfrp1, spp1, srebf2, tbx3, tmsb4x",upstream_750_score_950
GO:0003148,BP,e,outflow tract septum morphogenesis,5/181,28/21965,3.029576924668553e-06,4,5,0.0034435272990119,"fgfr2, gata6, robo1, robo2, smad6",upstream_750_score_950
GO:0045944,BP,e,positive regulation of transcription by RNA polymerase II,26/181,1198/21965,5.969465762139456e-06,10,26,0.0062196858686691,"atf3, ccn1, crebrf, ctcfl, etv4, fgfr2, fosl2, gata6, hipk2, hnf1a, hnf1b, hoxb4, igf2, maff, nfkbiz, npas4, nr2f1, nr4a1, nr5a2, onecut2, pcgf5, rgcc, rora, srebf2, tbx3, vegfa",upstream_750_score_950
GO:0006694,BP,e,steroid biosynthetic process,6/181,64/21965,1.453476873417686e-05,5,6,0.0121152142322275,"dhcr7, fdft1, fdx1, hmgcs1, nsdhl, tm7sf2",upstream_750_score_950
GO:0043691,BP,e,reverse cholesterol transport,4/181,20/21965,1.949135751324472e-05,8,4,0.0143353201757705,"abca1, apoe, apom, hnf1a",upstream_750_score_950
GO:1990573,BP,e,potassium ion import across plasma membrane,5/181,42/21965,2.388485555268487e-05,9,5,0.0165906860541788,"atp1a3, hcn4, kcnd3, kcnj2, kcnj6",upstream_750_score_950
GO:0009410,BP,e,response to xenobiotic stimulus,8/181,156/21965,4.680302684466404e-05,3,8,0.0307988549809912,"aldh1a1, atp1a3, fosl2, gata6, gnas, igf2, nfkbiz, sfrp1",upstream_750_score_950
GO:0048593,BP,e,camera-type eye morphogenesis,4/181,25/21965,4.927790068968856e-05,6,4,0.0308060796161588,"ephb1, ephb2, nectin1, vegfa",upstream_750_score_950
GO:0043065,BP,e,positive regulation of apoptotic process,12/181,374/21965,6.724177771106741e-05,6,12,0.0367108831572866,"aldh1a1, ankrd1, ccn1, ccn2, gadd45b, gata6, lgals1, mllt11, nell1, nr4a1, sfrp1, tnfrsf12a",upstream_750_score_950
GO:0003180,BP,e,aortic valve morphogenesis,4/181,28/21965,7.82351189210551e-05,4,4,0.040757237161248,"robo1, robo2, slit3, smad6",upstream_750_score_950
GO:0031016,BP,e,pancreas development,4/181,30/21965,0.0001033765020748,4,4,0.0481755544256927,"gata6, hnf1a, hnf1b, onecut2",upstream_750_score_950
GO:0031175,BP,e,neuron projection development,8/181,175/21965,0.0001049146860402,6,8,0.0481755544256927,"apoe, atcay, lama1, lamc1, map1b, psd, stmn4, tnc",upstream_750_score_950
GO:0009888,BP,e,tissue development,4/181,31/21965,0.0001179309740047,3,4,0.0481755544256927,"fasn, lama1, lamc1, nr5a2",upstream_750_score_950
GO:0033344,BP,e,cholesterol efflux,4/181,31/21965,0.0001179309740047,8,4,0.0481755544256927,"abca1, apob, apoe, apom",upstream_750_score_950
GO:0007155,BP,e,cell adhesion,15/181,591/21965,0.0001194467077658,2,15,0.0481755544256927,"cadm3, ccn1, ccn2, celsr1, col5a1, ephb1, itga1, lama1, lamc1, nectin1, spp1, tnc, tnfrsf12a, vtn, vwf",upstream_750_score_950
GO:0062023,CC,e,collagen-containing extracellular matrix,15/181,325/21965,8.747971510499595e-08,4,15,0.0001582508046249,"bgn, ccn1, col3a1, col5a1, col6a3, fgfr2, igf2, lama1, lamc1, lgals1, pf4, sfrp1, tnc, vtn, vwf",upstream_750_score_950
GO:0030424,CC,e,axon,17/181,453/21965,2.297653045308568e-07,5,17,0.0002078227179481,"actg1, adnp, aldh1a1, atcay, atp1a3, ephb1, ephb2, hcn1, hcn4, il1r1, kcnj6, map1a, map1b, nectin1, nrg1, robo1, synpo",upstream_750_score_950
GO:0030425,CC,e,dendrite,17/181,552/21965,3.4482380233507223e-06,5,17,0.0020792875280804,"adnp, apoe, atcay, ephb1, ephb2, gnas, hcn1, hcn4, kcnd3, kcnj2, kcnj6, map1a, map1b, nectin1, robo1, srebf2, synpo",upstream_750_score_950
GO:0031012,CC,e,extracellular matrix,10/181,238/21965,2.961339128564709e-05,3,10,0.0100791645851383,"apoe, bgn, ccn2, col3a1, col5a1, col6a3, lama1, timp3, vtn, vwf",upstream_750_score_950
GO:0005576,CC,e,extracellular region,31/181,1724/21965,3.600829524979385e-05,2,31,0.0100791645851383,"aoc1, apob, apoe, apom, bgn, ccn1, ccn2, col3a1, col5a1, fam20c, fgfr2, gnas, igf2, il1r1, il1r2, lama1, lamc1, lgals1, lpl, mdk, nell1, nptx2, pf4, sfrp1, slit3, spp1, tfpi, timp3, tnc, vtn, vwf",upstream_750_score_950
GO:0005604,CC,e,basement membrane,7/181,113/21965,4.254374894355893e-05,5,7,0.0100791645851383,"col5a1, lama1, lamc1, timp3, tnc, vegfa, vtn",upstream_750_score_950
GO:0005615,CC,e,extracellular space,30/181,1643/21965,4.2581911361580384e-05,2,30,0.0100791645851383,"adnp, aoc1, apob, apoe, apom, bgn, ccn2, col3a1, col5a1, col6a3, fam20c, hbb-bs, igf2, il1r1, lama1, lgals1, lpl, nell1, nrg1, pf4, serpinb6b, sfrp1, slit3, spp1, tfpi, timp3, tnc, vegfa, vtn, vwf",upstream_750_score_950
GO:0034361,CC,e,very-low-density lipoprotein particle,4/181,26/21965,5.786388274494556e-05,6,4,0.0107970142374142,"apob, apoe, apom, lpl",upstream_750_score_950
GO:0005783,CC,e,endoplasmic reticulum,29/181,1584/21965,5.968498749261618e-05,5,29,0.0107970142374142,"apob, apoe, atp1a3, cubn, dhcr7, elovl5, elovl6, ephb1, fads2, fam20c, fdft1, gramd1b, gulo, insig1, lacc1, mttp, nsdhl, pde9a, retreg1, rrs1, rsad2, scd2, sqle, srebf2, tecrl, tm7sf2, vegfa, vtn, vwf",upstream_750_score_950
GO:0042383,CC,e,sarcolemma,7/181,125/21965,8.086501810031565e-05,4,7,0.0120362922514519,"atp1a3, bgn, col6a3, gnas, pde9a, ryr2, sspn",upstream_750_score_950
GO:0009986,CC,e,cell surface,17/181,753/21965,0.0001719605081758,2,17,0.0202502147334475,"abca1, apoe, bgn, ephb2, fgfr2, hcn1, il1r1, itga1, kcnj6, lgals1, lpl, robo1, robo2, sfrp1, tfpi, tnfrsf12a, vegfa",upstream_750_score_950
GO:0005575,CC,p,cellular_component,4/181,2171/21965,8.403948866353776e-05,0,4,0.0120362922514519,"erv3, lratd1, prr12, prrt4",upstream_750_score_950
GO:0008201,MF,e,heparin binding,15/181,171/21965,1.269605296898771e-11,4,15,5.7957481803428894e-08,"aoc1, apob, apoe, ccn1, ccn2, col5a1, fgfr2, lpl, mdk, nell1, pf4, sfrp1, slit3, vegfa, vtn",upstream_750_score_950
GO:0005515,MF,e,protein binding,82/181,5313/21965,4.693028228362771e-10,2,82,1.0711836931238024e-06,"abca1, acly, acta1, actg1, actn2, adnp, aldh1l1, ankrd1, ano1, apoe, apom, astn2, cadm3, cbfa2t3, celsr1, col5a1, ctcfl, cubn, ephb1, ephb2, fbxo32, fgfr2, frat1, fzd7, gadd45b, gata6, gnas, hcn1, hcn4, hipk2, hnf1a, hnf1b, igf2, il1r1, insig1, itga1, kcnd3, kcnj2, lama1, lamc1, lgals1, lmcd1, lpl, lrrfip1, map1a, map1b, mdk, mttp, nectin1, nfkbiz, nlrc3, nmrk2, noct, npas4, nr4a1, nrg1, pcgf5, ppp4r4, psd, ptprb, rasl11b, rbfox2, retreg1, rgcc, rims2, robo1, rora, rrs1, rsad2, ryr2, sfrp1, smad6, srebf2, sytl4, tbx3, tdrd7, tmsb4x, tnfrsf12a, tnfrsf9, vegfa, vwf, wsb1",upstream_750_score_950
GO:0005543,MF,e,phospholipid binding,10/181,111/21965,2.8263738770720573e-08,3,10,4.3007989162779806e-05,"apob, apoe, apom, bin2, epn3, map1b, mycbpap, nr5a2, psd, sytl4",upstream_750_score_950
GO:0120020,MF,e,cholesterol transfer activity,5/181,21/21965,6.57311892638688e-07,5,5,0.0007501571974739,"abca1, apob, apoe, gramd1b, mttp",upstream_750_score_950
GO:0008046,MF,e,axon guidance receptor activity,4/181,11/21965,1.4069559801786492e-06,4,4,0.0012845508099031,"ephb1, ephb2, robo1, robo2",upstream_750_score_950
GO:0005178,MF,e,integrin binding,9/181,151/21965,4.641883282808669e-06,4,9,0.0035316995310035,"ccn1, ccn2, col3a1, igf2, itga1, nrg1, spp1, vtn, vwf",upstream_750_score_950
GO:0005201,MF,e,extracellular matrix structural constituent,7/181,93/21965,1.1981728137377017e-05,2,7,0.007813798421018,"col3a1, col5a1, lama1, lamc1, tnc, vtn, vwf",upstream_750_score_950
GO:0005319,MF,e,lipid transporter activity,4/181,23/21965,3.494160592993148e-05,2,4,0.0199385538837671,"apob, apoe, apom, mttp",upstream_750_score_950
GO:0003700,MF,e,DNA-binding transcription factor activity,16/181,608/21965,4.608381246204319e-05,2,16,0.0233747337654696,"atf3, crebrf, etv4, fosl2, gata6, hnf1a, hnf1b, hoxb4, maff, nr2f1, nr4a1, nr5a2, onecut2, rora, srebf2, tbx3",upstream_750_score_950
GO:0050840,MF,e,extracellular matrix binding,4/181,29/21965,9.0170917572403e-05,2,4,0.0405818104649545,"bgn, ccn1, spp1, vtn",upstream_750_score_950
GO:0042802,MF,e,identical protein binding,32/181,1911/21965,9.778749509627598e-05,3,32,0.0405818104649545,"actg1, actn2, aldh1a1, ano1, apoe, atf3, clic6, cubn, ephb2, fasn, fgfr2, hcn1, hcn4, hnf1a, hnf1b, kcnj2, kctd9, lgals1, nectin1, nell1, nr4a1, pde9a, robo1, robo2, ryr2, sat1, sfrp1, smad6, tenm4, vegfa, vtn, vwf",upstream_750_score_950
GO:0046872,MF,e,metal ion binding,46/181,3203/21965,0.0001179661043258,5,46,0.0448762721873023,"acly, actn2, adam33, adnp, ano1, aoc1, astn2, atp1a3, b4galt6, car3, car7, cbfa2t3, col3a1, ctcfl, cubn, fam20c, fdft1, fdx1, gata6, gnas, isg20, itga1, kcnd3, lacc1, lims2, lmcd1, lpl, mbnl2, nmrk2, noct, nptx2, nr2f1, nr4a1, nr5a2, pcgf5, pde9a, rims2, rnf207, rora, rsad2, scd2, smad6, stac2, sytl4, timp3, usp13",upstream_750_score_950
GO:0008203,BP,e,cholesterol metabolic process,20/245,116/21965,2.212781831242141e-18,6,20,2.7666411236020487e-14,"abca1, apob, apoe, cubn, cyp27a1, dhcr24, dhcr7, fdft1, fdx1, hmgcs1, hnf1a, insig1, ldlr, mttp, mvk, nsdhl, pcsk9, sqle, srebf2, tm7sf2",upstream_2500_score_950
GO:0008202,BP,e,steroid metabolic process,17/245,127/21965,6.577552963991191e-14,4,17,4.111957235439094e-10,"akr1c19, apob, cubn, cyp27a1, dhcr24, dhcr7, fdft1, fdx1, hmgcs1, insig1, ldlr, mttp, mvk, nsdhl, pcsk9, srebf2, tm7sf2",upstream_2500_score_950
GO:0042632,BP,e,cholesterol homeostasis,15/245,99/21965,3.137836774228472e-13,5,15,1.307745772939286e-09,"abca1, apob, apoe, fabp4, fgfr4, gramd1b, hnf4a, insig1, ldlr, lpl, mttp, nr5a2, pcsk9, rora, srebf2",upstream_2500_score_950
GO:0016126,BP,e,sterol biosynthetic process,9/245,29/21965,1.902491696754327e-11,6,9,5.7885964679701524e-08,"dhcr24, dhcr7, fdft1, hmgcs1, insig1, mvk, nsdhl, sqle, tm7sf2",upstream_2500_score_950
GO:0006629,BP,e,lipid metabolic process,32/245,714/21965,2.314883015264397e-11,3,32,5.7885964679701524e-08,"acly, aldh1a1, alox12, apob, apoe, b4galt6, cubn, cyp27a1, dhcr24, dhcr7, elovl5, elovl6, fads2, fasn, fdft1, fdx1, hmgcs1, hnf4a, insig1, ldlr, lpl, mttp, mvk, nsdhl, pcsk9, pip4k2b, prkag3, scd2, sqle, srebf2, tecrl, tm7sf2",upstream_2500_score_950
GO:0042157,BP,e,lipoprotein metabolic process,7/245,18/21965,5.651417387490971e-10,5,7,1.1776611932633272e-06,"abca1, apob, apoe, apom, ldlr, mttp, pcsk9",upstream_2500_score_950
GO:0006695,BP,e,cholesterol biosynthetic process,8/245,40/21965,1.2078874250029293e-08,7,8,2.15745949640166e-05,"dhcr24, dhcr7, fdft1, hmgcs1, insig1, mvk, nsdhl, tm7sf2",upstream_2500_score_950
GO:0006694,BP,e,steroid biosynthetic process,9/245,64/21965,3.725763107523069e-08,5,9,5.337387205996905e-05,"cyp27a1, dhcr24, dhcr7, fdft1, fdx1, hmgcs1, mvk, nsdhl, tm7sf2",upstream_2500_score_950
GO:0010628,BP,e,positive regulation of gene expression,23/245,535/21965,3.8419967091075856e-08,8,23,5.337387205996905e-05,"actg1, alox12, apob, atf3, ccn2, ctcfl, ephb2, etv4, fgfr2, fgfr4, hnf1a, hnf1b, hnf4a, ldlr, maz, nrg1, rbfox2, rgcc, rims2, rnf207, robo1, tnc, vegfa",upstream_2500_score_950
GO:0006633,BP,e,fatty acid biosynthetic process,9/245,70/21965,8.301175224152692e-08,8,9,0.0001037895938275,"acly, elovl5, elovl6, fads2, fasn, hnf1a, lpl, prkag3, scd2",upstream_2500_score_950
GO:0045893,BP,e,positive regulation of DNA-templated transcription,24/245,702/21965,1.2576814582863782e-06,9,24,0.0013986548143094,"apoe, ctcfl, etv4, fosl2, fzd7, gata6, hipk2, hnf1a, hnf1b, hnf4a, maz, mdk, mllt11, npas4, nr2f2, nr4a1, nr5a2, rora, sfrp1, spp1, srebf2, tbx3, tmsb4x, wnt4",upstream_2500_score_950
GO:0030154,BP,e,cell differentiation,29/245,967/21965,1.3423864489893593e-06,3,29,0.0013986548143094,"blk, cbfa2t3, ccdc63, cdc20, efnb1, etv4, gadd45b, hnf4a, mdk, mycbpap, nell1, nkd1, npas4, nr2f1, nr2f2, nr2f6, nrg1, rims2, robo1, robo2, sfrp1, sfrp5, slit3, smad6, tdrd7, tenm4, tnfrsf12a, vegfa, wnt4",upstream_2500_score_950
GO:0045944,BP,e,positive regulation of transcription by RNA polymerase II,32/245,1198/21965,5.281943145994487e-06,10,32,0.0050800103964899,"atf3, ccn1, crebrf, ctcfl, edn1, etv4, fgfr2, fosl2, gata6, hipk2, hnf1a, hnf1b, hnf4a, hoxb4, igf2, maff, maz, nfkbiz, npas4, nr2f1, nr2f2, nr4a1, nr5a2, onecut2, onecut3, pcgf5, rgcc, rora, srebf2, stat6, tbx3, vegfa",upstream_2500_score_950
GO:0010629,BP,e,negative regulation of gene expression,14/245,314/21965,1.276264065064646e-05,8,14,0.010321340501579,"adnp, apoe, ccn2, creb3l1, edn1, fgfr4, ldlr, noct, robo1, sfrp1, slit3, vegfa, wnt4, xdh",upstream_2500_score_950
GO:0003180,BP,e,aortic valve morphogenesis,5/245,28/21965,1.320814588700829e-05,4,5,0.010321340501579,"axin2, robo1, robo2, slit3, smad6",upstream_2500_score_950
GO:0003148,BP,e,outflow tract septum morphogenesis,5/245,28/21965,1.320814588700829e-05,4,5,0.010321340501579,"fgfr2, gata6, robo1, robo2, smad6",upstream_2500_score_950
GO:0009888,BP,e,tissue development,5/245,31/21965,2.221999357728054e-05,3,5,0.0151999773824091,"dhcr24, fasn, lama1, lamc1, nr5a2",upstream_2500_score_950
GO:0008284,BP,e,positive regulation of cell population proliferation,18/245,519/21965,2.3340623764792365e-05,5,18,0.0151999773824091,"atf3, ccn2, cdc20, edn1, fabp4, fgfr2, fgfr4, gnas, hipk2, igf2, mab21l2, maz, nrg1, prl8a2, sfrp1, tbx3, tnc, vegfa",upstream_2500_score_950
GO:0007275,BP,e,multicellular organism development,28/245,1090/21965,3.952001282350863e-05,3,28,0.0214834226231447,"ano1, celsr1, creb3l1, efnb1, ephb2, fgfr2, fgfr4, fzd7, gadd45b, hoxb4, mab21l2, mdk, mycbpap, nkd1, reln, robo1, robo2, rora, ryr2, sfrp1, sfrp5, slit3, tbx3, tdrd7, tenm4, tnfrsf12a, vegfa, wnt4",upstream_2500_score_950
GO:0050729,BP,e,positive regulation of inflammatory response,7/245,84/21965,4.3024694997904496e-05,7,7,0.0224140733982833,"ddt, fabp4, ldlr, lgals1, lpl, mdk, nfkbiz",upstream_2500_score_950
GO:0000122,BP,e,negative regulation of transcription by RNA polymerase II,26/245,979/21965,5.328283525825375e-05,10,26,0.0256228957397671,"ankrd1, atf3, cbfa2t3, crebrf, edn1, fgfr2, gata6, hipk2, hnf1a, hnf1b, hoxb4, igf2, lmcd1, lrrfip1, maz, nacc2, nr2f1, nr2f2, nr2f6, plk1, s100a1, srebf2, stat6, tbx3, vegfa, zbtb12",upstream_2500_score_950
GO:0043691,BP,e,reverse cholesterol transport,4/245,20/21965,6.35837555744636e-05,8,4,0.0294439887387969,"abca1, apoe, apom, hnf1a",upstream_2500_score_950
GO:1990573,BP,e,potassium ion import across plasma membrane,5/245,42/21965,0.000100667716747,9,5,0.0449517308031528,"atp1a3, hcn4, kcnd3, kcnj2, kcnj6",upstream_2500_score_950
GO:0010596,BP,e,negative regulation of endothelial cell migration,4/245,24/21965,0.0001346463941769,8,4,0.0495142313645306,"adamts9, apoe, nr2f2, stc1",upstream_2500_score_950
GO:0008150,BP,p,biological_process,11/245,2559/21965,0.0001266353018689,0,11,0.0479794296747804,"2810459m11rik, abhd18, eml5, fam222a, fsd1l, kctd9, mycbpap, prr12, prrt4, spats2l, tmem71",upstream_2500_score_950
GO:0005615,CC,e,extracellular space,44/245,1643/21965,5.20766211437358e-08,2,44,9.420660764901808e-05,"adamts9, adnp, aoc1, apob, apoe, apom, bgn, ccn2, col3a1, col5a1, col6a3, cpn1, ddt, edn1, fam20c, hbb-bs, igf2, il1r1, lama1, ldlr, lgals1, lpl, nell1, nrg1, pcsk9, pf4, prl8a2, reln, serpinb6b, sfrp1, sfrp5, slit3, spp1, stc1, svep1, tfpi, timp3, tnc, ulbp1, vegfa, vtn, vwf, wnt4, xdh",upstream_2500_score_950
GO:0031012,CC,e,extracellular matrix,14/245,238/21965,5.062373182715648e-07,3,14,0.0004578916543766,"adamts9, apoe, bgn, ccn2, col3a1, col5a1, col6a3, lama1, reln, svep1, timp3, vtn, vwf, wnt4",upstream_2500_score_950
GO:0062023,CC,e,collagen-containing extracellular matrix,16/245,325/21965,8.422103728858309e-07,4,16,0.0005078528548501,"bgn, ccn1, col3a1, col5a1, col6a3, fgfr2, igf2, lama1, lamc1, lgals1, pf4, reln, sfrp1, tnc, vtn, vwf",upstream_2500_score_950
GO:0005576,CC,e,extracellular region,42/245,1724/21965,1.694228303981991e-06,2,42,0.0007662147504758,"abhd18, aoc1, apob, apoe, apom, bgn, cbln1, ccn1, ccn2, col3a1, col5a1, cpn1, edn1, fam20c, fgfr2, gnas, igf2, il1r1, il1r2, lama1, lamc1, lgals1, lpl, mdk, nell1, nptx2, pcsk9, pf4, reln, sfrp1, sfrp5, slit3, spp1, stc1, svep1, tfpi, timp3, tnc, vtn, vwf, wnt4, xdh",upstream_2500_score_950
GO:0030424,CC,e,axon,18/245,453/21965,3.706759400460356e-06,5,18,0.0012677168889774,"actg1, adnp, aldh1a1, atcay, atp1a3, ephb1, ephb2, hcn1, hcn4, il1r1, kcnj6, map1a, map1b, nectin1, nrg1, reln, robo1, synpo",upstream_2500_score_950
GO:0009986,CC,e,cell surface,24/245,753/21965,4.204699465928455e-06,2,24,0.0012677168889774,"abca1, adamts9, apoe, bgn, efnb1, eno2, ephb2, fgfr2, hcn1, il1r1, itga1, kcnj6, ldlr, lgals1, lpl, pcsk9, robo1, robo2, sfrp1, tfpi, tnfrsf12a, ulbp1, vegfa, wnt4",upstream_2500_score_950
GO:0034361,CC,e,very-low-density lipoprotein particle,5/245,26/21965,9.002811030673978e-06,6,5,0.0022563462804095,"apob, apoe, apom, lpl, pcyox1",upstream_2500_score_950
GO:0034362,CC,e,low-density lipoprotein particle,4/245,13/21965,9.978314120108464e-06,5,4,0.0022563462804095,"apob, apoe, apom, ldlr",upstream_2500_score_950
GO:0042383,CC,e,sarcolemma,9/245,125/21965,1.146977043589921e-05,4,9,0.0023054238576157,"alox12, atp1a3, bgn, cacna1s, col6a3, gnas, pde9a, ryr2, sspn",upstream_2500_score_950
GO:0030425,CC,e,dendrite,19/245,552/21965,1.5323098641197355e-05,5,19,0.0027719485441926,"adnp, apoe, atcay, ephb1, ephb2, gnas, grip2, hcn1, hcn4, kcnd3, kcnj2, kcnj6, map1a, map1b, nectin1, reln, robo1, srebf2, synpo",upstream_2500_score_950
GO:0005783,CC,e,endoplasmic reticulum,35/245,1584/21965,9.527572288258132e-05,5,35,0.0156685256995081,"adamts9, apob, apoe, atp1a3, creb3l1, cubn, dhcr24, dhcr7, elovl5, elovl6, ephb1, fads2, fam20c, fdft1, fgfr4, gramd1b, gulo, insig1, lacc1, mttp, nsdhl, pcsk9, pde9a, pip4k2b, retreg1, rrs1, rsad2, scd2, sqle, srebf2, tecrl, tm7sf2, vegfa, vtn, vwf",upstream_2500_score_950
GO:0043083,CC,e,synaptic cleft,4/245,24/21965,0.0001346463941769,3,4,0.0164758101488563,"apoe, cbln1, lamc1, nptx2",upstream_2500_score_950
GO:0005737,CC,e,cytoplasm,104/245,6814/21965,0.000164461961435,2,104,0.0185944805147537,"acly, acta1, actg1, actn2, aldh1a1, aldh1l1, alox12, amer1, ankrd1, apob, astn2, atcay, atp1a3, axin2, cacna1s, car3, car7, cdc20, clic6, crebrf, ctcfl, cubn, ddt, dhcr24, dusp8, edn1, efnb1, eml5, eno2, ephb1, epn3, fabp4, fam20c, fasn, fbxo32, fgfr2, frat1, frat2, gadd45b, gnas, grip2, hipk2, hmgcs1, hnf1a, hnf4a, il1r2, isg20, lacc1, lgals1, lims2, lmcd1, lratd1, lrrfip1, mab21l2, map1a, map1b, maz, mbnl2, mllt11, mvk, mycbpap, myh11, nell1, nkd1, nlrc3, nmrk2, noct, nr4a1, nr5a2, nrg1, pcsk9, pde9a, pf4, pip4k2b, plk1, ppp4r4, prkag3, rbfox2, reln, rgcc, rnf207, robo1, s100a1, sat1, sec14l4, serpinb6b, smad6, spats2l, spp1, sprr2h, srebf2, stac2, stat6, stc1, stmn4, svep1, synpo, tdrd7, tenm4, tmsb4x, vegfa, wnt4, wsb1, xdh",upstream_2500_score_950
GO:0005604,CC,e,basement membrane,7/245,113/21965,0.0002791583597902,5,7,0.0280554151589228,"col5a1, lama1, lamc1, timp3, tnc, vegfa, vtn",upstream_2500_score_950
GO:0005575,CC,p,cellular_component,8/245,2171/21965,0.0001366153412011,0,8,0.0164758101488563,"2810459m11rik, abhd18, erv3, fam222a, fsd1l, lratd1, prr12, prrt4",upstream_2500_score_950
GO:0005515,MF,e,protein binding,106/245,5313/21965,4.9589050359554346e-11,2,106,2.141331888124476e-07,"2810459m11rik, abca1, acly, acta1, actg1, actn2, adnp, aldh1l1, ankrd1, ano1, apoe, apom, astn2, axin2, blk, cadm3, cbfa2t3, cbln1, cdc20, celsr1, ciart, col5a1, ctcfl, cubn, edn1, efnb1, ephb1, ephb2, fbxo32, fgfr2, fgfr4, frat1, fzd7, gadd45b, gata6, gnas, grip2, hcn1, hcn4, hipk2, hnf1a, hnf1b, hnf4a, ier3, igf2, il1r1, insig1, itga1, kcnd3, kcnj2, lama1, lamc1, ldlr, lgals1, lmcd1, lpl, lrrfip1, map1a, map1b, maz, mdk, mttp, nectin1, nfkbiz, nkd1, nlrc3, nmrk2, noct, npas4, nr2f6, nr4a1, nrg1, pcgf5, pip4k2b, plk1, ppp4r4, psd, ptprb, rasl11b, rbfox2, reln, retreg1, rgcc, rims2, robo1, rora, rrs1, rsad2, ryr2, s100a1, sfrp1, smad6, srebf2, stat6, svep1, sytl4, tbx3, tdrd7, tmsb4x, tnfrsf12a, tnfrsf9, vegfa, vwf, wnt4, wsb1, xdh",upstream_2500_score_950
GO:0008201,MF,e,heparin binding,16/245,171/21965,9.381519772724976e-11,4,16,2.141331888124476e-07,"aoc1, apob, apoe, ccn1, ccn2, col5a1, fgfr2, fgfr4, lpl, mdk, nell1, pf4, sfrp1, slit3, vegfa, vtn",upstream_2500_score_950
GO:0005543,MF,e,phospholipid binding,10/245,111/21965,4.771102431827235e-07,3,10,0.0007260027533763,"apob, apoe, apom, bin2, epn3, map1b, mycbpap, nr5a2, psd, sytl4",upstream_2500_score_950
GO:0003700,MF,e,DNA-binding transcription factor activity,22/245,608/21965,1.4209020019327317e-06,2,22,0.0016216044097057,"atf3, creb3l1, crebrf, etv4, fosl2, gata6, hnf1a, hnf1b, hnf4a, hoxb4, maff, nr2f1, nr2f2, nr2f6, nr4a1, nr5a2, onecut2, onecut3, rora, srebf2, stat6, tbx3",upstream_2500_score_950
GO:0004879,MF,e,nuclear receptor activity,7/245,53/21965,1.9631393829394174e-06,4,7,0.0017923462566236,"hnf4a, nr2f1, nr2f2, nr2f6, nr4a1, nr5a2, rora",upstream_2500_score_950
GO:0120020,MF,e,cholesterol transfer activity,5/245,21/21965,2.9148255410120637e-06,5,5,0.0022176964324533,"abca1, apob, apoe, gramd1b, mttp",upstream_2500_score_950
GO:0042802,MF,e,identical protein binding,44/245,1911/21965,3.448493425387456e-06,3,44,0.0022489103552705,"actg1, actn2, aldh1a1, ano1, apoe, atf3, bhmt, cbln1, clic6, cubn, eno2, ephb2, fasn, fgfr2, gfpt1, hcn1, hcn4, hnf1a, hnf1b, kcnj2, kctd9, ldlr, lgals1, maob, mvk, nectin1, nell1, nr4a1, pde9a, plk1, robo1, robo2, ryr2, s100a1, sat1, sfrp1, smad6, stat6, stc1, tenm4, vegfa, vtn, vwf, xdh",upstream_2500_score_950
GO:0008046,MF,e,axon guidance receptor activity,4/245,11/21965,4.6871084531170486e-06,4,4,0.0026745812610599,"ephb1, ephb2, robo1, robo2",upstream_2500_score_950
GO:0005201,MF,e,extracellular matrix structural constituent,8/245,93/21965,9.620823698836694e-06,2,8,0.0040456421790621,"col3a1, col5a1, lama1, lamc1, reln, tnc, vtn, vwf",upstream_2500_score_950
GO:0046872,MF,e,metal ion binding,62/245,3203/21965,9.748535371234062e-06,5,62,0.0040456421790621,"acly, actn2, adam33, adnp, alox12, ano1, aoc1, astn2, atp1a3, b4galt6, cacna1s, calm4, car3, car7, cbfa2t3, col3a1, cpn1, ctcfl, cubn, cyp27a1, eno2, fam20c, fdft1, fdx1, galnt10, gata6, gnas, hnf4a, isg20, itga1, kcnd3, lacc1, lims2, lmcd1, lpl, maz, mbnl2, mvk, nkd1, nmrk2, noct, nptx2, nr2f1, nr2f2, nr2f6, nr4a1, nr5a2, pcgf5, pde9a, reln, rims2, rnf207, rora, rsad2, s100a1, scd2, smad6, stac2, sytl4, timp3, usp13, xdh",upstream_2500_score_950
GO:0043565,MF,e,sequence-specific DNA binding,17/245,475/21965,2.6622905844663216e-05,5,17,0.0101277970984072,"ctcfl, etv4, fosl2, gata6, hnf1a, hnf1b, hnf4a, maff, nr2f1, nr2f2, nr2f6, nr4a1, nr5a2, rora, srebf2, stat6, tbx3",upstream_2500_score_950
GO:0000978,MF,e,RNA polymerase II cis-regulatory region sequence-specific DNA binding,28/245,1084/21965,3.6450225386896855e-05,9,28,0.0127996368377833,"atf3, ciart, ctcfl, etv4, fosl2, gata6, hnf1a, hnf1b, hnf4a, hoxb4, lrrfip1, maff, maz, nacc2, nfkbiz, npas4, nr2f1, nr2f2, nr2f6, nr4a1, nr5a2, onecut2, onecut3, rora, srebf2, stat6, tbx3, zbtb12",upstream_2500_score_950
GO:0034185,MF,e,apolipoprotein binding,4/245,18/21965,4.0869138534788544e-05,3,4,0.0133262583865221,"abca1, lpl, mttp, pcsk9",upstream_2500_score_950
GO:0000976,MF,e,transcription cis-regulatory region binding,12/245,267/21965,4.938270858404196e-05,7,12,0.0138301423331814,"atf3, ciart, creb3l1, ctcfl, fosl2, gata6, hnf1a, hnf1b, hnf4a, nr5a2, smad6, srebf2",upstream_2500_score_950
GO:0005178,MF,e,integrin binding,9/245,151/21965,5.150326827252693e-05,4,9,0.0138301423331814,"ccn1, ccn2, col3a1, igf2, itga1, nrg1, spp1, vtn, vwf",upstream_2500_score_950
GO:0071949,MF,e,FAD binding,5/245,43/21965,0.000112884965838,6,5,0.0258362304130713,"dhcr24, gulo, pcyox1, sqle, xdh",upstream_2500_score_950
GO:0005319,MF,e,lipid transporter activity,4/245,23/21965,0.0001131926852708,2,4,0.0258362304130713,"apob, apoe, apom, mttp",upstream_2500_score_950
GO:0016491,MF,e,oxidoreductase activity,18/245,590/21965,0.0001206653790578,2,18,0.0262303550189981,"aldh1a1, aldh1l1, alox12, aoc1, cyp27a1, dhcr24, dhcr7, fads2, fasn, gulo, maob, nsdhl, pcyox1, scd2, sqle, tecrl, tm7sf2, xdh",upstream_2500_score_950
GO:1990837,MF,e,sequence-specific double-stranded DNA binding,17/245,541/21965,0.0001313519046886,6,17,0.0272555202228933,"atf3, creb3l1, etv4, gata6, hnf4a, hoxb4, maff, mbnl2, nr2f1, nr2f6, nr4a1, nr5a2, onecut2, onecut3, srebf2, tbx3, zbtb12",upstream_2500_score_950
GO:0005244,MF,e,voltage-gated monoatomic ion channel activity,8/245,137/21965,0.000155130405003,7,8,0.029529084006252,"cacna1s, clic6, hcn1, hcn4, kcnd3, kcng1, kcnj2, kcnj6",upstream_2500_score_950
GO:0042803,MF,e,protein homodimerization activity,21/245,781/21965,0.0001921093995804,4,21,0.0350791763633939,"ano1, aoc1, apoe, atf3, cadm3, cubn, fgfr2, hmgcs1, hnf1a, hnf1b, hnf4a, lpl, lrrfip1, nacc2, nectin1, nr2f2, pip4k2b, s100a1, tenm4, wdr54, xdh",upstream_2500_score_950
GO:0001221,MF,e,transcription coregulator binding,5/245,49/21965,0.0002117883779152,4,5,0.0364185933065928,"hnf1a, hnf1b, hnf4a, nr5a2, rora",upstream_2500_score_950
GO:0001228,MF,e,"DNA-binding transcription activator activity, RNA polymerase II-specific",16/245,511/21965,0.000215400223281,4,16,0.0364185933065928,"atf3, creb3l1, crebrf, ctcfl, etv4, fosl2, hnf1a, hnf4a, maff, npas4, nr4a1, nr5a2, onecut2, onecut3, stat6, tbx3",upstream_2500_score_950
GO:0050840,MF,e,extracellular matrix binding,4/245,29/21965,0.0002880729154556,2,4,0.0469661735376727,"bgn, ccn1, spp1, vtn",upstream_2500_score_950
GO:0003674,MF,p,molecular_function,19/245,3698/21965,4.7142500783322e-05,0,19,0.0138301423331814,"abhd18, ccdc63, dop1b, eml5, erv3, fam222a, frat2, fsd1l, kctd9, lims2, lratd1, mllt11, mycbpap, prr12, prrt4, sec14l4, spats2l, stac2, tmem71",upstream_2500_score_950
